bsib,100,81798,100,100,2,2,1,1,1,0,256,0.001,40883,333,27,0.0033,0.988889,1,0.0145,0.833647,0.0201333,0.76523
psib,100,81798,100,100,2,2,1,1,1,0,256,0.000976563,35380,367,35,0.0032,0.988889,1,0.0146333,0.835689,0.0199667,0.780651
psip,100,81798,100,100,2,2,1,1,1,0,256,0.000976563,66316,525,28,0.00326667,1,1,0.0144667,0.846293,0.00723333,0.763986
bsib,100,80765,100,100,2,2,1,1,1,0,256,0.001,41189,367,27,0.00313333,1,1,0.0143667,0.826095,0.0200333,0.775195
psib,100,80765,100,100,2,2,1,1,1,0,256,0.000976563,35589,418,25,0.00323333,0.995238,1,0.0145667,0.823356,0.0202,0.808125
psip,100,80765,100,100,2,2,1,1,1,0,256,0.000976563,66573,890,28,0.0034,0.990476,1,0.0147333,0.823608,0.00773333,0.789508
bsib,100,88747,100,100,2,2,1,1,1,0,256,0.001,40746,331,28,0.0034,0.991667,1,0.0143333,0.8556,0.0203333,0.779584
psib,100,88747,100,100,2,2,1,1,1,0,256,0.000976563,35243,364,25,0.00336667,1,1,0.0148333,0.848037,0.0200333,0.798075
psip,100,88747,100,100,2,2,1,1,1,0,256,0.000976563,66066,611,58,0.00333333,0.994444,0.988889,0.0144,0.84897,0.00756667,0.780951
psib,100,5364762,7600,7600,2,2,1,1,1,0,256,0.000976563,2839376,4163,29,0.0035,0.991667,1,0.0155333,0.916925,0.0204667,0.736277
psip,100,5364762,7600,7600,2,2,1,1,1,0,256,0.000976563,4377154,4629,372,0.00346667,0.987778,1,0.0148333,0.972525,0.00683333,0.838176
bsib,100,6379942,7600,7600,2,2,1,1,1,0,256,0.001,3530464,6959,299,0.00863333,0.995833,1,0.0392333,0.922893,0.0322667,0.749646
psib,100,6379942,7600,7600,2,2,1,1,1,0,256,0.000976563,2838780,4296,29,0.00336667,0.98125,1,0.0160667,0.917499,0.0208333,0.760449
psip,100,6379942,7600,7600,2,2,1,1,1,0,256,0.000976563,4377147,4694,387,0.00373333,0.983333,1,0.0153333,0.974066,0.0088,0.813234
bsib,100,6275508,7600,7600,2,2,1,1,1,0,256,0.001,3532831,6953,311,0.00846667,1,1,0.0393667,0.915833,0.0322333,0.733214
psib,100,6275508,7600,7600,2,2,1,1,1,0,256,0.000976563,2840792,4233,30,0.00363333,0.977273,1,0.0148,0.910293,0.0207667,0.73222
psip,100,6275508,7600,7600,2,2,1,1,1,0,256,0.000976563,4378124,4740,377,0.0036,0.984127,1,0.0155667,0.971496,0.00793333,0.844633
bsib,100,13587174,15100,15100,2,2,1,1,1,0,256,0.001,7733512,14061,626,0.0129,1,1,0.0648667,0.92801,0.0431,0.683656
psib,100,13587174,15100,15100,2,2,1,1,1,0,256,0.000976563,9004138,8072,40,0.00336667,0.996667,1,0.0153333,0.928229,0.0209,0.704604
psip,100,13587174,15100,15100,2,2,1,1,1,0,256,0.000976563,8568433,8881,703,0.0035,0.993333,1,0.0144333,0.974887,0.0079,0.773524
bsib,100,11873754,15100,15100,2,2,1,1,1,0,256,0.001,7729465,13801,634,0.0128333,1,1,0.0641333,0.916218,0.0432667,0.752934
psib,100,11873754,15100,15100,2,2,1,1,1,0,256,0.000976563,8982524,7925,41,0.0034,0.993333,1,0.0152333,0.914575,0.0209667,0.756151
psip,100,11873754,15100,15100,2,2,1,1,1,0,256,0.000976563,8562307,8714,732,0.00343333,0.993333,1,0.0151667,0.973229,0.00836667,0.744442
psib,100,10483843,15100,15100,2,2,1,1,1,0,256,0.000976563,8992321,7688,39,0.00316667,1,1,0.0138667,0.921789,0.0206,0.747157
psip,100,10483843,15100,15100,2,2,1,1,1,0,256,0.000976563,8565058,8565,723,0.00313333,0.983333,1,0.0155333,0.974394,0.00743333,0.792477
bsib,100,19626727,22600,22600,2,2,1,1,1,0,256,0.001,12231201,21013,975,0.0169,1,1,0.0882667,0.917008,0.0542,0.750603
psib,100,19626727,22600,22600,2,2,1,1,1,0,256,0.000976563,18564027,11799,56,0.00333333,0.994444,1,0.0153667,0.916322,0.0209667,0.762274
psip,100,19626727,22600,22600,2,2,1,1,1,0,256,0.000976563,13957078,12964,1135,0.0034,1,1,0.0150667,0.972249,0.00823333,0.830983
bsib,100,16367552,22600,22600,2,2,1,1,1,0,256,0.001,12220592,20567,973,0.0173667,1,1,0.0885,0.922597,0.0542,0.746453
psib,100,16367552,22600,22600,2,2,1,1,1,0,256,0.000976563,18559487,11341,56,0.00366667,0.983636,1,0.0151,0.916899,0.0211667,0.724053
psip,100,16367552,22600,22600,2,2,1,1,1,0,256,0.000976563,13955967,12634,1139,0.0035,0.96,1,0.0154,0.969751,0.0121333,0.777307
bsib,100,16657216,22600,22600,2,2,1,1,1,0,256,0.001,12214462,20921,972,0.0175667,0.995238,1,0.0884,0.922218,0.0548667,0.748022
psib,100,16657216,22600,22600,2,2,1,1,1,0,256,0.000976563,18534625,11390,57,0.00353333,1,1,0.0162333,0.923209,0.0212333,0.75544
psip,100,16657216,22600,22600,2,2,1,1,1,0,256,0.000976563,13951310,12740,1131,0.00343333,1,1,0.0149,0.972478,0.00813333,0.769608
bsib,100,26429666,30100,30100,2,2,1,1,1,0,256,0.001,16909086,28407,1376,0.0217333,0.979167,1,0.114433,0.91125,0.0666,0.762108
psib,100,26429666,30100,30100,2,2,1,1,1,0,256,0.000976563,31140472,15558,80,0.00326667,0.980556,1,0.0156333,0.908598,0.0209,0.761848
psip,100,26429666,30100,30100,2,2,1,1,1,0,256,0.000976563,19576384,17213,1604,0.00356667,0.986667,1,0.0147333,0.971714,0.0084,0.744025
bsib,100,26291224,30100,30100,2,2,1,1,1,0,256,0.001,16916524,28486,1356,0.0218333,0.994444,1,0.1144,0.920959,0.0659667,0.745185
psib,100,26291224,30100,30100,2,2,1,1,1,0,256,0.000976563,31153380,15378,78,0.00353333,0.988571,1,0.0156333,0.921,0.0214,0.745146
psip,100,26291224,30100,30100,2,2,1,1,1,0,256,0.000976563,19578076,17260,1603,0.0036,1,1,0.0152667,0.967814,0.00863333,0.79711
bsib,100,25034442,30100,30100,2,2,1,1,1,0,256,0.001,16904769,28136,1354,0.0219667,0.992063,1,0.114467,0.916119,0.0654,0.686209
psib,100,25034442,30100,30100,2,2,1,1,1,0,256,0.000976563,31135584,15501,80,0.00356667,1,1,0.0162333,0.91702,0.0212,0.662124
psip,100,25034442,30100,30100,2,2,1,1,1,0,256,0.000976563,19575651,17018,1600,0.00336667,0.978333,1,0.0155333,0.970711,0.0086,0.728038
bsib,100,29082940,37600,37600,2,2,1,1,1,0,256,0.001,21707322,35571,1715,0.0260333,0.965556,1,0.136167,0.91538,0.0776667,0.735446
psib,100,29082940,37600,37600,2,2,1,1,1,0,256,0.000976563,46933352,18761,127,0.00326667,0.993333,1,0.0156667,0.916447,0.0211,0.755492
psip,100,29082940,37600,37600,2,2,1,1,1,0,256,0.000976563,25193425,20795,2036,0.00346667,1,1,0.0149667,0.978812,0.00813333,0.791501
bsib,100,29071448,37600,37600,2,2,1,1,1,0,256,0.001,21705077,35424,1713,0.0257333,1,1,0.137167,0.919094,0.0767667,0.77217
psib,100,29071448,37600,37600,2,2,1,1,1,0,256,0.000976563,46955883,18617,105,0.0032,1,1,0.0155667,0.916856,0.0216,0.75918
psip,100,29071448,37600,37600,2,2,1,1,1,0,256,0.000976563,25196379,20832,2026,0.00313333,0.994444,1,0.0154,0.975443,0.00803333,0.79054
bsib,100,31281789,37600,37600,2,2,1,1,1,0,256,0.001,21703361,35258,1715,0.0266,0.989167,1,0.136333,0.918793,0.0768,0.68135
psib,100,31281789,37600,37600,2,2,1,1,1,0,256,0.000976563,46899848,18958,103,0.00343333,1,1,0.0158333,0.923647,0.0215,0.669915
psip,100,31281789,37600,37600,2,2,1,1,1,0,256,0.000976563,25189147,20898,2018,0.0034,0.983333,1,0.0146667,0.97781,0.00776667,0.746205
bsib,100,40664467,45100,45100,2,2,1,1,1,0,256,0.001,26637565,43257,2103,0.0304333,0.996296,1,0.161767,0.929434,0.0884,0.757297
psib,100,40664467,45100,45100,2,2,1,1,1,0,256,0.000976563,66064823,22662,136,0.00356667,1,1,0.0161333,0.928182,0.0223,0.761668
bsib,100,39067001,45100,45100,2,2,1,1,1,0,256,0.001,26621921,42867,2082,0.0308667,1,1,0.163767,0.921923,0.0892,0.735898
psib,100,39067001,45100,45100,2,2,1,1,1,0,256,0.000976563,66039990,22695,131,0.00336667,0.990278,1,0.0158333,0.919435,0.0222,0.756103
psip,100,39067001,45100,45100,2,2,1,1,1,0,256,0.000976563,30782811,25496,2489,0.00373333,0.993333,1,0.0146,0.977694,0.00873333,0.750097
bsib,100,35500514,45100,45100,2,2,1,1,1,0,256,0.001,26626801,42632,2099,0.0308,0.967222,1,0.1611,0.930023,0.0882333,0.773519
psib,100,35500514,45100,45100,2,2,1,1,1,0,256,0.000976563,66094221,22229,134,0.0035,0.987778,1,0.0163667,0.931476,0.0221667,0.757846
psip,100,35500514,45100,45100,2,2,1,1,1,0,256,0.000976563,30788636,24784,2507,0.0035,0.992063,1,0.0154667,0.975446,0.00813333,0.721476
bsib,100,47974422,52600,52600,2,2,1,1,1,0,256,0.001,31675495,50742,2518,0.0356,1,1,0.187467,0.925696,0.100033,0.752529
psib,100,47974422,52600,52600,2,2,1,1,1,0,256,0.000976563,87912296,26947,165,0.00353333,1,1,0.016,0.928203,0.0211333,0.736569
psip,100,47974422,52600,52600,2,2,1,1,1,0,256,0.000976563,36363742,29756,2946,0.00326667,0.996296,1,0.0157667,0.976406,0.00813333,0.786396
bsib,100,48921473,52600,52600,2,2,1,1,1,0,256,0.001,31701846,50622,2484,0.0354,1,1,0.1876,0.923597,0.1005,0.713193
psib,100,48921473,52600,52600,2,2,1,1,1,0,256,0.000976563,88073732,26683,166,0.00326667,1,1,0.0163,0.921889,0.0216667,0.690624
psip,100,48921473,52600,52600,2,2,1,1,1,0,256,0.000976563,36378461,29540,2942,0.00346667,0.9875,1,0.0152667,0.975999,0.00793333,0.757076
bsib,100,40089111,52600,52600,2,2,1,1,1,0,256,0.001,31694381,50237,2505,0.0367667,0.990476,1,0.1882,0.926389,0.101133,0.703505
psib,100,40089111,52600,52600,2,2,1,1,1,0,256,0.000976563,87966516,25956,166,0.0035,1,1,0.0162667,0.928624,0.0219667,0.703928
psip,100,40089111,52600,52600,2,2,1,1,1,0,256,0.000976563,36368557,28819,2929,0.00346667,1,1,0.0154667,0.977074,0.00833333,0.786167
bsib,100,52706744,60100,60100,2,2,1,1,1,0,256,0.001,36764134,57726,2892,0.041,0.981349,1,0.211667,0.927919,0.1126,0.693979
psib,100,52706744,60100,60100,2,2,1,1,1,0,256,0.000976563,113010250,30325,197,0.0032,0.994444,1,0.0161667,0.931442,0.0216667,0.706524
psip,100,52706744,60100,60100,2,2,1,1,1,0,256,0.000976563,41953479,33326,3422,0.00336667,0.991667,1,0.0151333,0.973933,0.00793333,0.718384
bsib,100,48471674,60100,60100,2,2,1,1,1,0,256,0.001,36780906,57382,2857,0.0407333,0.977778,1,0.2093,0.921939,0.111,0.719883
psib,100,48471674,60100,60100,2,2,1,1,1,0,256,0.000976563,113225314,29971,202,0.0036,0.994444,1,0.0156,0.921968,0.0213,0.730768
psip,100,48471674,60100,60100,2,2,1,1,1,0,256,0.000976563,41970512,33205,3362,0.00366667,1,1,0.0156333,0.976026,0.00813333,0.742439
bsib,100,50340644,60100,60100,2,2,1,1,1,0,256,0.001,36754469,58253,2898,0.0393,1,1,0.211633,0.924701,0.111767,0.733471
psib,100,50340644,60100,60100,2,2,1,1,1,0,256,0.000976563,112958416,30344,222,0.0034,0.986905,1,0.0158667,0.922155,0.0217,0.724421
bsib,100,54115404,67600,67600,2,2,1,1,1,0,256,0.001,41928044,65278,3268,0.0446333,0.982222,1,0.235067,0.921225,0.1235,0.695604
psib,100,54115404,67600,67600,2,2,1,1,1,0,256,0.000976563,141606628,34029,243,0.0035,0.995833,1,0.0166333,0.922163,0.0223,0.7017
psip,100,54115404,67600,67600,2,2,1,1,1,0,256,0.000976563,47530764,36865,3926,0.0034,0.997222,1,0.0152333,0.974864,0.00836667,0.759693
bsib,100,63209764,67600,67600,2,2,1,1,1,0,256,0.001,41938258,65835,3285,0.0446667,0.992208,1,0.234633,0.926063,0.122367,0.672452
psib,100,63209764,67600,67600,2,2,1,1,1,0,256,0.000976563,141696465,34924,246,0.0035,1,1,0.0161667,0.927057,0.0218333,0.680134
psip,100,63209764,67600,67600,2,2,1,1,1,0,256,0.000976563,47537254,37948,3776,0.00353333,0.993333,1,0.0153667,0.973178,0.00846667,0.729835
bsib,100,60009726,67600,67600,2,2,1,1,1,0,256,0.001,41922443,65676,3308,0.0458667,0.994907,1,0.2395,0.911633,0.1244,0.77303
psib,100,60009726,67600,67600,2,2,1,1,1,0,256,0.000976563,141563356,34811,244,0.0034,0.999074,1,0.0165333,0.914584,0.0220333,0.765025
psip,100,60009726,67600,67600,2,2,1,1,1,0,256,0.000976563,47527666,37618,3847,0.0036,0.999074,1,0.015,0.966521,0.00823333,0.801055
bsib,100,61011794,75100,75100,2,2,1,1,1,0,256,0.001,47146660,72147,3653,0.0568333,0.992222,1,0.275167,0.92654,0.142233,0.760071
psib,100,61011794,75100,75100,2,2,1,1,1,0,256,0.000976563,172838144,37846,286,0.0039,0.98688,1,0.0169667,0.927171,0.0228,0.750544
psip,100,61011794,75100,75100,2,2,1,1,1,0,256,0.000976563,53106863,41558,4225,0.00346667,1,1,0.0155333,0.97965,0.00843333,0.812422
bsib,100,61772279,75100,75100,2,2,1,1,1,0,256,0.001,47126968,72623,3664,0.0501667,1,1,0.258733,0.928304,0.133233,0.74318
psib,100,61772279,75100,75100,2,2,1,1,1,0,256,0.000976563,172700072,38020,286,0.00356667,0.983333,1,0.0167,0.927926,0.0224,0.742735
psip,100,61772279,75100,75100,2,2,1,1,1,0,256,0.000976563,53098055,41420,4211,0.00356667,0.983333,1,0.0148667,0.972603,0.00773333,0.850703
bsib,100,56836262,75100,75100,2,2,1,1,1,0,256,0.001,47125802,71921,3668,0.0487667,0.993333,1,0.257067,0.921222,0.1335,0.727203
psib,100,56836262,75100,75100,2,2,1,1,1,0,256,0.000976563,172676296,37634,286,0.00346667,0.995238,1,0.0164667,0.922799,0.022,0.745127
psip,100,56836262,75100,75100,2,2,1,1,1,0,256,0.000976563,53096321,40670,4271,0.0037,1,1,0.0147,0.980174,0.00783333,0.704192
psib,100,398923,500,500,2,2,1,1,1,0,256,0.000976563,96439,1152,24,0.00346667,1,1,0.0144333,0.83,0.02,0.726691
psip,100,398923,500,500,2,2,1,1,1,0,256,0.000976563,306363,676,47,0.00326667,1,1,0.0144667,0.905815,0.00753333,0.776775
bsib,100,393200,500,500,2,2,1,1,1,0,256,0.001,148150,798,35,0.0034,0.986667,1,0.0146333,0.83275,0.0207,0.680858
psib,100,393200,500,500,2,2,1,1,1,0,256,0.000976563,96136,561,24,0.0034,0.995238,1,0.0144667,0.83467,0.0200667,0.663636
psip,100,393200,500,500,2,2,1,1,1,0,256,0.000976563,306041,758,47,0.00326667,1,1,0.0146,0.905831,0.0076,0.756615
psib,100,423175,500,500,2,2,1,1,1,0,256,0.000976563,97007,726,24,0.00336667,0.993333,1,0.0147667,0.825468,0.0199,0.750463
psip,100,423175,500,500,2,2,1,1,1,0,256,0.000976563,307200,685,46,0.00343333,1,1,0.0142,0.901831,0.00786667,0.786479
psib,100,741076,1000,1000,2,2,1,1,1,0,256,0.000976563,188857,831,24,0.00346667,1,1,0.0146333,0.871013,0.0201667,0.71201
psip,100,741076,1000,1000,2,2,1,1,1,0,256,0.000976563,607085,1039,73,0.00326667,0.989683,1,0.0146333,0.944654,0.00866667,0.78586
bsib,100,931892,1000,1000,2,2,1,1,1,0,256,0.001,335717,1117,49,0.00353333,0.996296,1,0.0154,0.883263,0.0203667,0.687285
psib,100,931892,1000,1000,2,2,1,1,1,0,256,0.000976563,189193,1108,32,0.00333333,1,1,0.0148,0.884041,0.0202667,0.686561
psip,100,931892,1000,1000,2,2,1,1,1,0,256,0.000976563,607632,1269,70,0.0032,0.991071,1,0.0145,0.946454,0.0075,0.688468
bsib,100,806965,1000,1000,2,2,1,1,1,0,256,0.001,334529,1097,49,0.004,0.986667,1,0.0165,0.878369,0.0206333,0.686571
psib,100,806965,1000,1000,2,2,1,1,1,0,256,0.000976563,188417,922,24,0.00333333,0.998039,1,0.0148667,0.878043,0.0201333,0.685611
psip,100,806965,1000,1000,2,2,1,1,1,0,256,0.000976563,606613,907,70,0.0035,1,1,0.0142667,0.954723,0.00783333,0.727218
psib,100,1115607,1500,1500,2,2,1,1,1,0,256,0.000976563,294844,1084,24,0.0035,0.988889,1,0.0144,0.902809,0.0207,0.696673
psip,100,1115607,1500,1500,2,2,1,1,1,0,256,0.000976563,900905,1373,94,0.0032,0.993333,1,0.0142667,0.96185,0.00763333,0.71438
bsib,100,1334342,1500,1500,2,2,1,1,1,0,256,0.001,540647,1438,66,0.00366667,0.986111,1,0.0171667,0.898039,0.0217333,0.729415
psib,100,1334342,1500,1500,2,2,1,1,1,0,256,0.000976563,295548,1219,24,0.00356667,0.986667,1,0.0154,0.892122,0.0204333,0.720463
psip,100,1334342,1500,1500,2,2,1,1,1,0,256,0.000976563,901584,1265,94,0.00336667,0.995238,1,0.0145,0.961725,0.0076,0.706959
bsib,100,1145155,1500,1500,2,2,1,1,1,0,256,0.001,539621,1598,66,0.00363333,0.95,1,0.0175667,0.900633,0.0215667,0.696997
psib,100,1145155,1500,1500,2,2,1,1,1,0,256,0.000976563,295132,1388,25,0.0033,0.993333,1,0.0163333,0.902519,0.0202667,0.716398
psip,100,1145155,1500,1500,2,2,1,1,1,0,256,0.000976563,901070,1451,96,0.00333333,1,1,0.0146333,0.958148,0.00753333,0.812074
bsib,100,1780737,2000,2000,2,2,1,1,1,0,256,0.001,753491,2360,80,0.0045,0.994444,1,0.0183333,0.913695,0.0228,0.743036
psib,100,1780737,2000,2000,2,2,1,1,1,0,256,0.000976563,416598,1432,25,0.00346667,0.993333,1,0.0150667,0.914122,0.021,0.731501
psip,100,1780737,2000,2000,2,2,1,1,1,0,256,0.000976563,1191851,1509,117,0.00346667,0.996296,1,0.0147,0.970046,0.00736667,0.724133
psib,100,1707903,2000,2000,2,2,1,1,1,0,256,0.000976563,418236,1385,25,0.0031,0.991667,1,0.0148,0.914418,0.0207,0.733455
psip,100,1707903,2000,2000,2,2,1,1,1,0,256,0.000976563,1193377,1543,117,0.00343333,1,1,0.0139667,0.974109,0.0083,0.760631
bsib,100,1622990,2000,2000,2,2,1,1,1,0,256,0.001,755044,1821,81,0.0041,0.991667,1,0.0184333,0.910328,0.0223333,0.733742
psib,100,1622990,2000,2000,2,2,1,1,1,0,256,0.000976563,418523,1715,24,0.00356667,1,1,0.0146667,0.914817,0.0203,0.738435
psip,100,1622990,2000,2000,2,2,1,1,1,0,256,0.000976563,1193528,1677,117,0.0036,1,0.991667,0.0151333,0.964214,0.0078,0.783181
bsib,100,2177381,2500,2500,2,2,1,1,1,0,256,0.001,976635,2287,100,0.0048,1,1,0.0200667,0.917443,0.0240667,0.746016
psib,100,2177381,2500,2500,2,2,1,1,1,0,256,0.000976563,554806,1661,25,0.0035,1,1,0.0182667,0.917271,0.0207333,0.743345
psip,100,2177381,2500,2500,2,2,1,1,1,0,256,0.000976563,1480804,2011,140,0.00313333,0.985,1,0.0152,0.967726,0.00886667,0.787178
bsib,100,2340686,2500,2500,2,2,1,1,1,0,256,0.001,978089,2567,100,0.0044,1,1,0.0194,0.921706,0.0234,0.727649
bsib,100,2140266,2500,2500,2,2,1,1,1,0,256,0.001,976175,2391,98,0.00466667,0.983333,1,0.0197333,0.914257,0.0233667,0.761764
psib,100,2140266,2500,2500,2,2,1,1,1,0,256,0.000976563,554654,1793,25,0.0033,0.983333,1,0.0144,0.917262,0.0201667,0.741147
psip,100,2140266,2500,2500,2,2,1,1,1,0,256,0.000976563,1480769,1811,139,0.00323333,1,1,0.0147,0.974647,0.00746667,0.791043
bsib,100,2828029,3000,3000,2,2,1,1,1,0,256,0.001,1209178,2716,118,0.00446667,0.991667,1,0.0208667,0.913111,0.0248,0.719633
psib,100,2828029,3000,3000,2,2,1,1,1,0,256,0.000976563,708619,1970,25,0.00303333,1,1,0.0147,0.914748,0.0202667,0.712401
psip,100,2828029,3000,3000,2,2,1,1,1,0,256,0.000976563,1768282,2392,164,0.00323333,1,1,0.0141333,0.97142,0.0079,0.757889
psib,100,2707793,3000,3000,2,2,1,1,1,0,256,0.000976563,710476,2048,25,0.00326667,0.988889,1,0.015,0.921192,0.0200333,0.75707
psip,100,2707793,3000,3000,2,2,1,1,1,0,256,0.000976563,1769908,2164,174,0.0035,0.995238,1,0.0148333,0.970976,0.00783333,0.795504
bsib,100,2333092,3000,3000,2,2,1,1,1,0,256,0.001,1212251,2762,120,0.00476667,1,1,0.0213333,0.92023,0.0249,0.730024
psib,100,2333092,3000,3000,2,2,1,1,1,0,256,0.000976563,710402,1911,26,0.0033,0.993333,1,0.0149,0.914934,0.0200333,0.737485
psip,100,2333092,3000,3000,2,2,1,1,1,0,256,0.000976563,1769677,2175,170,0.0035,0.983333,1,0.0154333,0.968244,0.00716667,0.741503
bsib,100,3119503,3500,3500,2,2,1,1,1,0,256,0.001,1445117,3228,135,0.00546667,1,1,0.0253,0.922393,0.0254667,0.733135
psib,100,3119503,3500,3500,2,2,1,1,1,0,256,0.000976563,877646,2159,26,0.0037,1,1,0.0177333,0.925134,0.0203667,0.739886
psip,100,3119503,3500,3500,2,2,1,1,1,0,256,0.000976563,2054100,2540,184,0.00373333,0.997222,0.994444,0.0146,0.976086,0.00766667,0.777082
bsib,100,2564628,3500,3500,2,2,1,1,1,0,256,0.001,1444176,3315,138,0.00563333,1,1,0.0224333,0.920965,0.0253333,0.729292
psib,100,2564628,3500,3500,2,2,1,1,1,0,256,0.000976563,877788,2085,25,0.0035,1,1,0.0150333,0.916809,0.0202667,0.743759
psip,100,2564628,3500,3500,2,2,1,1,1,0,256,0.000976563,2054160,2341,185,0.00326667,1,1,0.0146667,0.977343,0.0082,0.764116
bsib,100,2899926,3500,3500,2,2,1,1,1,0,256,0.001,1443720,3497,137,0.0049,1,1,0.0222667,0.92368,0.0257333,0.708955
psib,100,2899926,3500,3500,2,2,1,1,1,0,256,0.000976563,876802,2257,26,0.00336667,1,1,0.0143,0.921967,0.0203,0.711619
bsib,100,3174223,4000,4000,2,2,1,1,1,0,256,0.001,1686266,3657,151,0.00566667,0.995238,1,0.0259,0.908116,0.0263667,0.794421
psib,100,3174223,4000,4000,2,2,1,1,1,0,256,0.000976563,1065336,2403,26,0.00336667,0.996296,1,0.0173667,0.909866,0.0203,0.809941
psip,100,3174223,4000,4000,2,2,1,1,1,0,256,0.000976563,2340714,2704,207,0.00353333,0.980556,1,0.0142667,0.971637,0.00746667,0.765397
bsib,100,3357586,4000,4000,2,2,1,1,1,0,256,0.001,1684676,3735,153,0.00496667,0.991667,1,0.0236667,0.916865,0.0260333,0.776123
psib,100,3357586,4000,4000,2,2,1,1,1,0,256,0.000976563,1062175,2478,26,0.0035,0.988889,1,0.0147333,0.917324,0.0211,0.782802
psip,100,3357586,4000,4000,2,2,1,1,1,0,256,0.000976563,2338374,2885,220,0.0034,0.981349,1,0.0149667,0.969051,0.0076,0.838
bsib,100,3654718,4000,4000,2,2,1,1,1,0,256,0.001,1684449,3794,163,0.0054,0.969357,1,0.0238667,0.912488,0.0259,0.754496
psib,100,3654718,4000,4000,2,2,1,1,1,0,256,0.000976563,1062531,2534,25,0.00336667,0.983333,1,0.0149667,0.911935,0.0203,0.772849
psip,100,3654718,4000,4000,2,2,1,1,1,0,256,0.000976563,2338980,2765,208,0.0031,0.998246,1,0.0149667,0.977689,0.0078,0.791469
bsib,100,3733428,4500,4500,2,2,1,1,1,0,256,0.001,1930671,3985,172,0.00536667,1,1,0.0248667,0.924192,0.0271667,0.745434
psib,100,3733428,4500,4500,2,2,1,1,1,0,256,0.000976563,1265066,2897,26,0.00326667,0.988889,1,0.0149,0.918741,0.0203333,0.743802
psip,100,3733428,4500,4500,2,2,1,1,1,0,256,0.000976563,2624201,3187,233,0.0033,0.988889,1,0.0142,0.971734,0.0071,0.8138
bsib,100,3762191,4500,4500,2,2,1,1,1,0,256,0.001,1932962,4048,172,0.00603333,1,1,0.0251333,0.931965,0.0288,0.72844
psib,100,3762191,4500,4500,2,2,1,1,1,0,256,0.000976563,1265816,2638,26,0.0032,1,1,0.0182333,0.932214,0.0225333,0.718538
psip,100,3762191,4500,4500,2,2,1,1,1,0,256,0.000976563,2624519,2910,231,0.00343333,0.977778,1,0.0141333,0.973128,0.00783333,0.764184
bsib,100,4121613,4500,4500,2,2,1,1,1,0,256,0.001,1930674,4183,172,0.0056,1,1,0.0242,0.91561,0.0266333,0.754235
bsib,100,3792908,5000,5000,2,2,1,1,1,0,256,0.001,2182477,4558,198,0.00603333,1,1,0.0268667,0.91879,0.0272,0.731666
psib,100,3792908,5000,5000,2,2,1,1,1,0,256,0.000976563,1483962,3009,27,0.00333333,0.993333,1,0.0157333,0.915678,0.0204667,0.730089
psip,100,3792908,5000,5000,2,2,1,1,1,0,256,0.000976563,2909120,3192,253,0.00363333,1,1,0.0145667,0.973441,0.00746667,0.816624
bsib,100,3953390,5000,5000,2,2,1,1,1,0,256,0.001,2183181,5210,193,0.00643333,0.99,1,0.0272667,0.922872,0.0284333,0.69038
psib,100,3953390,5000,5000,2,2,1,1,1,0,256,0.000976563,1484882,2970,26,0.0034,1,1,0.0148333,0.925331,0.0205667,0.701412
psip,100,3953390,5000,5000,2,2,1,1,1,0,256,0.000976563,2909827,3413,264,0.00366667,0.995833,0.988889,0.0149667,0.971316,0.00733333,0.765275
psib,100,4046848,5000,5000,2,2,1,1,1,0,256,0.000976563,1487285,3132,27,0.0035,0.994444,1,0.0144,0.923361,0.0204,0.66697
psip,100,4046848,5000,5000,2,2,1,1,1,0,256,0.000976563,2911337,3405,256,0.0036,0.993333,1,0.0154333,0.973228,0.00756667,0.7411
bsib,100,4733716,5500,5500,2,2,1,1,1,0,256,0.001,2430794,5070,211,0.00673333,0.991667,1,0.0293333,0.919014,0.0289,0.721606
psib,100,4733716,5500,5500,2,2,1,1,1,0,256,0.000976563,1711692,3125,27,0.00346667,0.993333,1,0.0149667,0.918808,0.0204,0.708865
psip,100,4733716,5500,5500,2,2,1,1,1,0,256,0.000976563,3189278,3564,272,0.00356667,0.995238,1,0.0139667,0.974422,0.00766667,0.755046
bsib,100,4572373,5500,5500,2,2,1,1,1,0,256,0.001,2433426,5211,218,0.00676667,0.994444,1,0.029,0.929127,0.0291667,0.747791
psib,100,4572373,5500,5500,2,2,1,1,1,0,256,0.000976563,1713904,3090,27,0.00343333,0.994444,1,0.0144,0.926497,0.0206,0.762416
psip,100,4572373,5500,5500,2,2,1,1,1,0,256,0.000976563,3190638,3483,276,0.00346667,1,1,0.0140667,0.980994,0.0083,0.774314
bsib,100,4344498,5500,5500,2,2,1,1,1,0,256,0.001,2433481,4963,214,0.00636667,0.988889,1,0.0290667,0.919624,0.0285667,0.717002
psib,100,4344498,5500,5500,2,2,1,1,1,0,256,0.000976563,1715952,3130,27,0.0033,0.994444,1,0.0144,0.918471,0.0207,0.722049
psip,100,4344498,5500,5500,2,2,1,1,1,0,256,0.000976563,3191698,3436,277,0.00333333,1,1,0.0141,0.97743,0.00683333,0.778771
bsib,100,4581950,6000,6000,2,2,1,1,1,0,256,0.001,2693672,5344,231,0.007,0.995238,1,0.0328,0.910482,0.0292667,0.737796
psib,100,4581950,6000,6000,2,2,1,1,1,0,256,0.000976563,1957752,3371,27,0.0034,1,1,0.0157333,0.913252,0.0203667,0.73617
psip,100,4581950,6000,6000,2,2,1,1,1,0,256,0.000976563,3471016,3897,297,0.00333333,0.993333,1,0.0151333,0.976164,0.00746667,0.805532
bsib,100,4825408,6000,6000,2,2,1,1,1,0,256,0.001,2699584,5327,237,0.0076,0.983333,1,0.0362,0.929229,0.0291,0.739776
psib,100,4825408,6000,6000,2,2,1,1,1,0,256,0.000976563,1963029,3478,27,0.00343333,0.994444,1,0.0180667,0.925825,0.0202333,0.752687
psip,100,4825408,6000,6000,2,2,1,1,1,0,256,0.000976563,3473860,3925,298,0.00393333,1,1,0.0155667,0.975634,0.0082,0.790827
bsib,100,5227494,6000,6000,2,2,1,1,1,0,256,0.001,2695062,5505,233,0.0067,1,1,0.0326333,0.922126,0.0300667,0.716841
psib,100,5227494,6000,6000,2,2,1,1,1,0,256,0.000976563,1957372,3442,27,0.00313333,0.987778,1,0.0147667,0.918049,0.0204667,0.713466
psip,100,5227494,6000,6000,2,2,1,1,1,0,256,0.000976563,3470471,3971,302,0.00326667,1,1,0.0146,0.9727,0.00733333,0.761706
bsib,100,5480468,6500,6500,2,2,1,1,1,0,256,0.001,2958200,5853,254,0.00706667,0.993333,1,0.0380333,0.924432,0.0300333,0.786261
psib,100,5480468,6500,6500,2,2,1,1,1,0,256,0.000976563,2228542,3662,28,0.0035,1,1,0.0180333,0.924405,0.0203,0.785013
psip,100,5480468,6500,6500,2,2,1,1,1,0,256,0.000976563,3756570,4115,320,0.0036,1,1,0.0155,0.973728,0.0066,0.786841
bsib,100,5225869,6500,6500,2,2,1,1,1,0,256,0.001,2959409,5840,261,0.00716667,0.99,1,0.0348333,0.919836,0.0302333,0.715296
psib,100,5225869,6500,6500,2,2,1,1,1,0,256,0.000976563,2232232,3808,28,0.0035,1,1,0.0156333,0.922199,0.0202667,0.707056
psip,100,5225869,6500,6500,2,2,1,1,1,0,256,0.000976563,3759097,4064,323,0.00343333,0.982222,0.993333,0.0148667,0.967252,0.00753333,0.774782
bsib,100,5075164,6500,6500,2,2,1,1,1,0,256,0.001,2958846,5794,252,0.0083,0.988889,1,0.0343667,0.919271,0.0306667,0.720002
psib,100,5075164,6500,6500,2,2,1,1,1,0,256,0.000976563,2229872,3607,29,0.0035,0.983796,1,0.0147,0.919206,0.0208,0.716886
psip,100,5075164,6500,6500,2,2,1,1,1,0,256,0.000976563,3757532,4147,328,0.00323333,1,1,0.0139667,0.974096,0.00896667,0.75811
bsib,100,5338703,7000,7000,2,2,1,1,1,0,256,0.001,3219819,6292,274,0.0077,0.996667,1,0.0364333,0.924611,0.0309333,0.693942
psib,100,5338703,7000,7000,2,2,1,1,1,0,256,0.000976563,2510559,3933,28,0.0033,1,1,0.0152,0.924647,0.0205,0.701402
psip,100,5338703,7000,7000,2,2,1,1,1,0,256,0.000976563,4039564,4316,344,0.00346667,1,1,0.0156333,0.977568,0.00763333,0.729083
bsib,100,5491166,7000,7000,2,2,1,1,1,0,256,0.001,3215180,6351,284,0.00773333,1,1,0.0401667,0.913217,0.0310333,0.784026
psib,100,5491166,7000,7000,2,2,1,1,1,0,256,0.000976563,2503798,3859,28,0.0035,0.996296,1,0.0184,0.915422,0.0204,0.793524
psip,100,5491166,7000,7000,2,2,1,1,1,0,256,0.000976563,4036347,4386,353,0.0033,0.984127,1,0.0143,0.972475,0.00736667,0.831193
psib,100,5938528,7000,7000,2,2,1,1,1,0,256,0.000976563,2514396,3985,28,0.0034,1,1,0.0151,0.919463,0.0206,0.692371
psip,100,5938528,7000,7000,2,2,1,1,1,0,256,0.000976563,4041659,4352,361,0.00316667,0.966667,1,0.0154667,0.968609,0.00733333,0.78195
bsib,100,6437827,8000,8000,2,2,1,1,1,0,256,0.001,3750755,7281,313,0.00863333,0.988889,1,0.0409333,0.921328,0.0328667,0.758182
psib,100,6437827,8000,8000,2,2,1,1,1,0,256,0.000976563,3110638,4472,30,0.00343333,0.973611,1,0.0153667,0.915614,0.0205,0.753827
psip,100,6437827,8000,8000,2,2,1,1,1,0,256,0.000976563,4599660,4980,389,0.00356667,0.981111,1,0.0157333,0.97285,0.00776667,0.792584
bsib,100,6771554,8000,8000,2,2,1,1,1,0,256,0.001,3747425,7201,311,0.0088,1,1,0.0407667,0.918776,0.0332333,0.75868
psib,100,6771554,8000,8000,2,2,1,1,1,0,256,0.000976563,3104880,4299,30,0.00346667,0.97996,1,0.0164,0.917954,0.0209333,0.744499
psip,100,6771554,8000,8000,2,2,1,1,1,0,256,0.000976563,4596798,5037,385,0.00336667,1,1,0.0145667,0.976779,0.00716667,0.809441
bsib,100,6693089,8000,8000,2,2,1,1,1,0,256,0.001,3749752,7203,315,0.00856667,0.991667,1,0.0408,0.923425,0.0330333,0.740431
psib,100,6693089,8000,8000,2,2,1,1,1,0,256,0.000976563,3113110,4426,29,0.00343333,0.993333,1,0.0153667,0.923064,0.021,0.730393
psip,100,6693089,8000,8000,2,2,1,1,1,0,256,0.000976563,4600683,5069,388,0.00343333,0.983333,1,0.0150333,0.974912,0.0077,0.761376
bsib,100,7295777,10000,10000,2,2,1,1,1,0,256,0.001,4835630,8943,400,0.0095,0.994444,1,0.0474333,0.922705,0.0357,0.712055
psib,100,7295777,10000,10000,2,2,1,1,1,0,256,0.000976563,4505287,5232,31,0.00333333,0.97963,1,0.0148,0.92099,0.0206,0.699386
psip,100,7295777,10000,10000,2,2,1,1,1,0,256,0.000976563,5720376,5891,483,0.0035,0.986111,1,0.0141333,0.969043,0.00763333,0.736273
bsib,100,7814820,10000,10000,2,2,1,1,1,0,256,0.001,4841389,9013,397,0.0091,0.984127,1,0.0468333,0.922726,0.0353333,0.772575
psib,100,7814820,10000,10000,2,2,1,1,1,0,256,0.000976563,4518450,5302,32,0.00336667,0.981905,1,0.0155333,0.921386,0.0203333,0.771903
psip,100,7814820,10000,10000,2,2,1,1,1,0,256,0.000976563,5725749,6026,501,0.0037,1,1,0.0145667,0.974583,0.00823333,0.854949
bsib,100,8660452,10000,10000,2,2,1,1,1,0,256,0.001,4837277,8931,411,0.00853333,0.995238,1,0.0474333,0.914558,0.035,0.766417
psib,100,8660452,10000,10000,2,2,1,1,1,0,256,0.000976563,4505866,5280,33,0.00333333,0.991667,1,0.0149667,0.915647,0.0202333,0.786854
psip,100,8660452,10000,10000,2,2,1,1,1,0,256,0.000976563,5720730,6066,487,0.00326667,0.985,1,0.0147,0.968268,0.00733333,0.789884
bsib,100,8299894,12000,12000,2,2,1,1,1,0,256,0.001,5955873,10677,482,0.0111,0.993333,1,0.0561667,0.921104,0.0396,0.735506
psib,100,8299894,12000,12000,2,2,1,1,1,0,256,0.000976563,6044253,6169,35,0.00416667,0.994444,1,0.0144667,0.917186,0.0209333,0.743876
psip,100,8299894,12000,12000,2,2,1,1,1,0,256,0.000976563,6838465,6861,558,0.0036,0.986111,1,0.015,0.970569,0.00886667,0.735005
bsib,99,10092817,12000,12000,2,2,1,1,1,0,256,0.001,5896595,10921,489,0.0109091,1,0.985,0.0543098,0.911508,0.0381481,0.729134
psib,100,10092817,12000,12000,2,2,1,1,1,0,256,0.000976563,6046936,6232,35,0.00353333,1,1,0.0151667,0.924009,0.0204,0.721437
psip,100,10092817,12000,12000,2,2,1,1,1,0,256,0.000976563,6839028,7171,567,0.00326667,1,1,0.016,0.975543,0.00876667,0.772795
bsib,100,10336873,12000,12000,2,2,1,1,1,0,256,0.001,5954964,10831,479,0.0106333,0.993333,1,0.0550333,0.909957,0.0388667,0.735852
psib,100,10336873,12000,12000,2,2,1,1,1,0,256,0.000976563,6048009,6364,34,0.00346667,0.993333,1,0.015,0.910205,0.0208,0.730657
psip,100,10336873,12000,12000,2,2,1,1,1,0,256,0.000976563,6839525,7077,564,0.00343333,0.993333,1,0.0146667,0.976852,0.0081,0.734127
bsib,100,11860076,14000,14000,2,2,1,1,1,0,256,0.001,7099916,12681,574,0.0115667,1,1,0.0606667,0.921864,0.0414,0.748982
psib,100,11860076,14000,14000,2,2,1,1,1,0,256,0.000976563,7899184,7266,38,0.00356667,1,1,0.0148333,0.923208,0.0205333,0.74921
psip,100,11860076,14000,14000,2,2,1,1,1,0,256,0.000976563,7949343,8084,671,0.00333333,0.995833,1,0.0148333,0.976625,0.00773333,0.776501
bsib,100,11520768,14000,14000,2,2,1,1,1,0,256,0.001,7096650,12690,572,0.0123667,0.97,1,0.0610667,0.910405,0.0411333,0.725783
psib,100,11520768,14000,14000,2,2,1,1,1,0,256,0.000976563,7903034,7320,37,0.00333333,0.993333,1,0.0162667,0.910895,0.021,0.741475
psip,100,11520768,14000,14000,2,2,1,1,1,0,256,0.000976563,7950337,8120,648,0.00356667,0.993333,1,0.0164667,0.972885,0.0086,0.784988
bsib,100,10494525,14000,14000,2,2,1,1,1,0,256,0.001,7097266,12627,582,0.0118667,0.988889,1,0.0609333,0.913973,0.0412333,0.740548
psib,100,10494525,14000,14000,2,2,1,1,1,0,256,0.000976563,7899745,7162,37,0.0034,0.994444,1,0.0137667,0.913392,0.0208333,0.733581
psip,100,10494525,14000,14000,2,2,1,1,1,0,256,0.000976563,7949449,8292,658,0.00346667,0.991667,1,0.015,0.972893,0.00816667,0.775509
