bsib,1000,773721,100,100,2,2,1,1,1,0,25,0.001,638353,8285,350,-1,-1,-1,-1,-1,0.0296,0.635595
psib,1000,773721,100,100,2,2,1,1,1,0,25,0.000976563,372895,5522,314,-1,-1,-1,-1,-1,0.0281,0.636088
psim,1000,773721,100,100,2,2,1,1,1,0,25,0.000976563,1230550,13203,308,-1,-1,-1,-1,-1,0.013,0.956652
psip,1000,773721,100,100,2,2,1,1,1,0,25,0.000976563,625948,9184,358,-1,-1,-1,-1,-1,0.0119,0.719777
bsib,1000,804739,100,100,2,2,1,1,1,0,25,0.001,638719,7471,353,-1,-1,-1,-1,-1,0.0292,0.645667
psib,1000,804739,100,100,2,2,1,1,1,0,25,0.000976563,373362,5718,317,-1,-1,-1,-1,-1,0.0284,0.648435
psim,1000,804739,100,100,2,2,1,1,1,0,25,0.000976563,1233140,15298,311,-1,-1,-1,-1,-1,0.0133,0.960959
psip,1000,804739,100,100,2,2,1,1,1,0,25,0.000976563,626479,8821,359,-1,-1,-1,-1,-1,0.0117,0.732084
bsib,1000,664364,100,100,2,2,1,1,1,0,25,0.001,638217,7098,350,-1,-1,-1,-1,-1,0.029,0.648925
psib,1000,664364,100,100,2,2,1,1,1,0,25,0.000976563,372604,5620,306,-1,-1,-1,-1,-1,0.0285,0.651726
psim,1000,664364,100,100,2,2,1,1,1,0,25,0.000976563,1224882,14112,307,-1,-1,-1,-1,-1,0.013,0.964106
psip,1000,664364,100,100,2,2,1,1,1,0,25,0.000976563,625497,7306,356,-1,-1,-1,-1,-1,0.0116,0.725442
bsib,1000,663496,100,100,2,2,1,1,1,0,25,0.001,638064,8424,343,-1,-1,-1,-1,-1,0.0295,0.648056
psib,1000,663496,100,100,2,2,1,1,1,0,25,0.000976563,372469,5668,312,-1,-1,-1,-1,-1,0.0282,0.646915
psim,1000,663496,100,100,2,2,1,1,1,0,25,0.000976563,1224816,14584,308,-1,-1,-1,-1,-1,0.0135,0.96695
psip,1000,663496,100,100,2,2,1,1,1,0,25,0.000976563,625319,7191,343,-1,-1,-1,-1,-1,0.0117,0.714963
bsib,1000,709668,100,100,2,2,1,1,1,0,25,0.001,639702,7029,353,-1,-1,-1,-1,-1,0.0291,0.646154
psib,1000,709668,100,100,2,2,1,1,1,0,25,0.000976563,373973,5629,309,-1,-1,-1,-1,-1,0.0284,0.648004
psim,1000,709668,100,100,2,2,1,1,1,0,25,0.000976563,1240527,16766,307,-1,-1,-1,-1,-1,0.0124,0.96374
psip,1000,709668,100,100,2,2,1,1,1,0,25,0.000976563,627349,7560,357,-1,-1,-1,-1,-1,0.0118,0.724368
bsib,1000,746910,100,100,2,2,1,1,1,0,25,0.001,638909,9242,353,-1,-1,-1,-1,-1,0.031,0.645286
psib,1000,746910,100,100,2,2,1,1,1,0,25,0.000976563,373065,5747,309,-1,-1,-1,-1,-1,0.0278,0.637802
psim,1000,746910,100,100,2,2,1,1,1,0,25,0.000976563,1230309,14841,312,-1,-1,-1,-1,-1,0.0124,0.959935
psip,1000,746910,100,100,2,2,1,1,1,0,25,0.000976563,626090,7453,359,-1,-1,-1,-1,-1,0.0105,0.727441
bsib,1000,704228,100,100,2,2,1,1,1,0,25,0.001,639060,8436,366,-1,-1,-1,-1,-1,0.0292,0.648223
psib,1000,704228,100,100,2,2,1,1,1,0,25,0.000976563,373924,5661,311,-1,-1,-1,-1,-1,0.0284,0.652286
psim,1000,704228,100,100,2,2,1,1,1,0,25,0.000976563,1238758,14476,309,-1,-1,-1,-1,-1,0.0133,0.963626
psip,999,704228,100,100,2,2,1,1,1,0,25,0.000976563,626610,9757,358,-1,-1,-1,-1,-1,0.0118118,0.731221
bsib,1000,740710,100,100,2,2,1,1,1,0,25,0.001,638278,6676,374,-1,-1,-1,-1,-1,0.0292,0.646234
psib,1000,740710,100,100,2,2,1,1,1,0,25,0.000976563,373318,5506,296,-1,-1,-1,-1,-1,0.0285,0.65066
psim,1000,740710,100,100,2,2,1,1,1,0,25,0.000976563,1224609,13939,311,-1,-1,-1,-1,-1,0.0131,0.964194
psip,1000,740710,100,100,2,2,1,1,1,0,25,0.000976563,626424,7020,358,-1,-1,-1,-1,-1,0.0118,0.726827
bsib,1000,733239,100,100,2,2,1,1,1,0,25,0.001,638702,8018,358,-1,-1,-1,-1,-1,0.029,0.643834
psib,1000,733239,100,100,2,2,1,1,1,0,25,0.000976563,373399,5510,310,-1,-1,-1,-1,-1,0.0262,0.647236
psim,1000,733239,100,100,2,2,1,1,1,0,25,0.000976563,1237599,14071,312,-1,-1,-1,-1,-1,0.0132,0.96631
psip,1000,733239,100,100,2,2,1,1,1,0,25,0.000976563,626520,6761,374,-1,-1,-1,-1,-1,0.0111,0.712262
bsib,1000,769643,100,100,2,2,1,1,1,0,25,0.001,640520,8518,351,-1,-1,-1,-1,-1,0.0308,0.654073
psib,1000,769643,100,100,2,2,1,1,1,0,25,0.000976563,375031,5443,306,-1,-1,-1,-1,-1,0.0286,0.64885
psim,1000,769643,100,100,2,2,1,1,1,0,25,0.000976563,1243676,14807,308,-1,-1,-1,-1,-1,0.0129,0.958501
psip,1000,769643,100,100,2,2,1,1,1,0,25,0.000976563,628129,8140,357,-1,-1,-1,-1,-1,0.0123,0.712293
bsib,1000,761038,100,100,2,2,1,1,1,0,25,0.001,639569,7768,358,-1,-1,-1,-1,-1,0.0309,0.652196
psib,1000,761038,100,100,2,2,1,1,1,0,25,0.000976563,373759,5740,296,-1,-1,-1,-1,-1,0.0278,0.650608
psim,1000,761038,100,100,2,2,1,1,1,0,25,0.000976563,1227110,13010,312,-1,-1,-1,-1,-1,0.0133,0.96015
psip,1000,761038,100,100,2,2,1,1,1,0,25,0.000976563,626623,7472,358,-1,-1,-1,-1,-1,0.012,0.725927
bsib,1000,755244,100,100,2,2,1,1,1,0,25,0.001,639932,8330,343,-1,-1,-1,-1,-1,0.0296,0.653307
psib,1000,755244,100,100,2,2,1,1,1,0,25,0.000976563,374966,5596,306,-1,-1,-1,-1,-1,0.0294,0.646752
psim,1000,755244,100,100,2,2,1,1,1,0,25,0.000976563,1241405,15319,312,-1,-1,-1,-1,-1,0.0127,0.965742
psip,1000,755244,100,100,2,2,1,1,1,0,25,0.000976563,628283,8188,358,-1,-1,-1,-1,-1,0.0105,0.734355
bsib,1000,782276,100,100,2,2,1,1,1,0,25,0.001,639007,7140,353,-1,-1,-1,-1,-1,0.031,0.64765
psib,999,782276,100,100,2,2,1,1,1,0,25,0.000976563,373489,5402,308,-1,-1,-1,-1,-1,0.0278278,0.644139
psim,1000,782276,100,100,2,2,1,1,1,0,25,0.000976563,1223385,15284,312,-1,-1,-1,-1,-1,0.0135,0.96097
psip,999,782276,100,100,2,2,1,1,1,0,25,0.000976563,626163,9100,359,-1,-1,-1,-1,-1,0.015015,0.734064
bsib,1000,741212,100,100,2,2,1,1,1,0,25,0.001,640078,8572,355,-1,-1,-1,-1,-1,0.0294,0.656894
psib,1000,741212,100,100,2,2,1,1,1,0,25,0.000976563,374548,5591,306,-1,-1,-1,-1,-1,0.0283,0.652967
psim,1000,741212,100,100,2,2,1,1,1,0,25,0.000976563,1231393,14539,308,-1,-1,-1,-1,-1,0.0142,0.966629
psip,1000,741212,100,100,2,2,1,1,1,0,25,0.000976563,627794,8352,357,-1,-1,-1,-1,-1,0.0118,0.73864
bsib,1000,711495,100,100,2,2,1,1,1,0,25,0.001,638995,8408,358,-1,-1,-1,-1,-1,0.029,0.646172
psib,1000,711495,100,100,2,2,1,1,1,0,25,0.000976563,372905,5553,312,-1,-1,-1,-1,-1,0.0281,0.646032
psim,1000,711495,100,100,2,2,1,1,1,0,25,0.000976563,1229560,14736,307,-1,-1,-1,-1,-1,0.0129,0.963501
psip,1000,711495,100,100,2,2,1,1,1,0,25,0.000976563,625681,8673,358,-1,-1,-1,-1,-1,0.0118,0.724772
bsib,1000,775638,100,100,3,3,1,1,1,0,25,0.001,641143,7456,358,-1,-1,-1,-1,-1,0.0445,0.638782
psib,1000,775638,100,100,3,3,1,1,1,0,25,0.000976563,376832,5883,296,-1,-1,-1,-1,-1,0.0415,0.635019
psim,1000,775638,100,100,3,3,1,1,1,0,25,0.000976563,1293828,16130,312,-1,-1,-1,-1,-1,0.031,0.788642
psip,1000,775638,100,100,3,3,1,1,1,0,25,0.000976563,630919,7924,358,-1,-1,-1,-1,-1,0.015,0.741615
bsib,1000,771521,100,100,3,3,1,1,1,0,25,0.001,641464,8236,343,-1,-1,-1,-1,-1,0.043,0.632926
psib,1000,771521,100,100,3,3,1,1,1,0,25,0.000976563,377714,5694,312,-1,-1,-1,-1,-1,0.042,0.634062
psim,1000,771521,100,100,3,3,1,1,1,0,25,0.000976563,1292691,15232,307,-1,-1,-1,-1,-1,0.0369,0.824729
psip,1000,771521,100,100,3,3,1,1,1,0,25,0.000976563,631976,8439,358,-1,-1,-1,-1,-1,0.0167,0.737817
bsib,1000,746239,100,100,3,3,1,1,1,0,25,0.001,641526,8488,343,-1,-1,-1,-1,-1,0.043,0.637524
psib,1000,746239,100,100,3,3,1,1,1,0,25,0.000976563,376590,5659,305,-1,-1,-1,-1,-1,0.04,0.632012
psim,1000,746239,100,100,3,3,1,1,1,0,25,0.000976563,1291016,15678,312,-1,-1,-1,-1,-1,0.0338,0.82665
psip,1000,746239,100,100,3,3,1,1,1,0,25,0.000976563,630554,8747,357,-1,-1,-1,-1,-1,0.015,0.729331
bsib,1000,700394,100,100,3,3,1,1,1,0,25,0.001,639398,8225,374,-1,-1,-1,-1,-1,0.0445,0.631533
psib,1000,700394,100,100,3,3,1,1,1,0,25,0.000976563,375088,5599,310,-1,-1,-1,-1,-1,0.0421,0.633709
psim,1000,700394,100,100,3,3,1,1,1,0,25,0.000976563,1278542,15248,309,-1,-1,-1,-1,-1,0.0325,0.845217
psip,1000,700394,100,100,3,3,1,1,1,0,25,0.000976563,628642,8039,356,-1,-1,-1,-1,-1,0.0171,0.739766
bsib,1000,727449,100,100,3,3,1,1,1,0,25,0.001,640920,7290,359,-1,-1,-1,-1,-1,0.043,0.632053
psib,1000,727449,100,100,3,3,1,1,1,0,25,0.000976563,377641,5475,296,-1,-1,-1,-1,-1,0.0415,0.633723
psim,1000,727449,100,100,3,3,1,1,1,0,25,0.000976563,1301079,17452,327,-1,-1,-1,-1,-1,0.0339,0.811539
psip,1000,727449,100,100,3,3,1,1,1,0,25,0.000976563,631824,9235,358,-1,-1,-1,-1,-1,0.0166,0.740028
bsib,1000,700772,100,100,3,3,1,1,1,0,25,0.001,641036,8463,351,-1,-1,-1,-1,-1,0.0435,0.630794
psib,1000,700772,100,100,3,3,1,1,1,0,25,0.000976563,376820,5600,309,-1,-1,-1,-1,-1,0.0427,0.629506
psim,1000,700772,100,100,3,3,1,1,1,0,25,0.000976563,1289423,15715,308,-1,-1,-1,-1,-1,0.0357,0.841135
psip,1000,700772,100,100,3,3,1,1,1,0,25,0.000976563,630775,10091,358,-1,-1,-1,-1,-1,0.017,0.7302
bsib,1000,689614,100,100,3,3,1,1,1,0,25,0.001,641487,7378,358,-1,-1,-1,-1,-1,0.0435,0.63183
psib,1000,689614,100,100,3,3,1,1,1,0,25,0.000976563,377391,5304,312,-1,-1,-1,-1,-1,0.0419,0.631736
psim,1000,689614,100,100,3,3,1,1,1,0,25,0.000976563,1290141,14597,312,-1,-1,-1,-1,-1,0.0332,0.859504
psip,1000,689614,100,100,3,3,1,1,1,0,25,0.000976563,631530,6832,358,-1,-1,-1,-1,-1,0.017,0.741181
bsib,1000,708041,100,100,3,3,1,1,1,0,25,0.001,640868,9079,343,-1,-1,-1,-1,-1,0.0445,0.624276
psib,1000,708041,100,100,3,3,1,1,1,0,25,0.000976563,376855,5626,307,-1,-1,-1,-1,-1,0.037,0.62415
psim,1000,708041,100,100,3,3,1,1,1,0,25,0.000976563,1289602,14227,312,-1,-1,-1,-1,-1,0.0325,0.839329
psip,1000,708041,100,100,3,3,1,1,1,0,25,0.000976563,631009,8857,358,-1,-1,-1,-1,-1,0.0166,0.747058
bsib,1000,700327,100,100,3,3,1,1,1,0,25,0.001,640645,8913,355,-1,-1,-1,-1,-1,0.043,0.64116
psib,1000,700327,100,100,3,3,1,1,1,0,25,0.000976563,376628,5740,317,-1,-1,-1,-1,-1,0.0415,0.639238
psim,1000,700327,100,100,3,3,1,1,1,0,25,0.000976563,1295778,15684,310,-1,-1,-1,-1,-1,0.031,0.842567
psip,1000,700327,100,100,3,3,1,1,1,0,25,0.000976563,630596,8240,363,-1,-1,-1,-1,-1,0.015,0.73036
bsib,1000,706385,100,100,3,3,1,1,1,0,25,0.001,640805,8332,366,-1,-1,-1,-1,-1,0.0431,0.623972
psib,1000,706385,100,100,3,3,1,1,1,0,25,0.000976563,376475,5460,296,-1,-1,-1,-1,-1,0.0418,0.627649
psim,1000,706385,100,100,3,3,1,1,1,0,25,0.000976563,1276155,15916,309,-1,-1,-1,-1,-1,0.0332,0.854552
psip,1000,706385,100,100,3,3,1,1,1,0,25,0.000976563,630128,8221,358,-1,-1,-1,-1,-1,0.0171,0.722725
bsib,1000,744280,100,100,3,3,1,1,1,0,25,0.001,642210,8330,405,-1,-1,-1,-1,-1,0.0415,0.622475
psib,1000,744280,100,100,3,3,1,1,1,0,25,0.000976563,378704,5528,312,-1,-1,-1,-1,-1,0.0385,0.619666
psim,1000,744280,100,100,3,3,1,1,1,0,25,0.000976563,1310997,14523,296,-1,-1,-1,-1,-1,0.0325,0.845891
psip,1000,744280,100,100,3,3,1,1,1,0,25,0.000976563,632995,7722,358,-1,-1,-1,-1,-1,0.0166,0.730878
bsib,1000,717718,100,100,3,3,1,1,1,0,25,0.001,640817,9391,358,-1,-1,-1,-1,-1,0.0432,0.611882
psib,1000,717718,100,100,3,3,1,1,1,0,25,0.000976563,377681,5350,296,-1,-1,-1,-1,-1,0.0421,0.608703
psim,1000,717718,100,100,3,3,1,1,1,0,25,0.000976563,1292346,14305,308,-1,-1,-1,-1,-1,0.0338,0.855594
psip,1000,717718,100,100,3,3,1,1,1,0,25,0.000976563,631886,7893,358,-1,-1,-1,-1,-1,0.0169,0.747818
bsib,1000,675382,100,100,3,3,1,1,1,0,25,0.001,641350,7846,390,-1,-1,-1,-1,-1,0.0415,0.622258
psib,1000,675382,100,100,3,3,1,1,1,0,25,0.000976563,376757,5641,320,-1,-1,-1,-1,-1,0.04,0.626485
psim,1000,675382,100,100,3,3,1,1,1,0,25,0.000976563,1278361,14430,296,-1,-1,-1,-1,-1,0.034,0.842642
psip,1000,675382,100,100,3,3,1,1,1,0,25,0.000976563,630637,6876,358,-1,-1,-1,-1,-1,0.0182,0.735944
bsib,1000,770046,100,100,3,3,1,1,1,0,25,0.001,641370,8205,343,-1,-1,-1,-1,-1,0.043,0.621151
psib,1000,770046,100,100,3,3,1,1,1,0,25,0.000976563,376991,5502,312,-1,-1,-1,-1,-1,0.0424,0.620054
psim,1000,770046,100,100,3,3,1,1,1,0,25,0.000976563,1282320,15896,312,-1,-1,-1,-1,-1,0.0335,0.857748
psip,1000,770046,100,100,3,3,1,1,1,0,25,0.000976563,630825,9874,358,-1,-1,-1,-1,-1,0.0171,0.725378
bsib,999,669959,100,100,3,3,1,1,1,0,25,0.001,641106,8359,343,-1,-1,-1,-1,-1,0.0428428,0.627659
psib,1000,669959,100,100,3,3,1,1,1,0,25,0.000976563,377832,5473,311,-1,-1,-1,-1,-1,0.0421,0.635529
psim,1000,669959,100,100,3,3,1,1,1,0,25,0.000976563,1292758,13987,332,-1,-1,-1,-1,-1,0.0335,0.84291
psip,999,669959,100,100,3,3,1,1,1,0,25,0.000976563,631192,7692,358,-1,-1,-1,-1,-1,0.0172172,0.720173
bsib,1000,756979,100,100,4,4,1,1,1,0,25,0.001,642320,7846,343,-1,-1,-1,-1,-1,0.0579,0.517891
psib,1000,756979,100,100,4,4,1,1,1,0,25,0.000976563,380290,5490,308,-1,-1,-1,-1,-1,0.0561,0.521329
psim,1000,756979,100,100,4,4,1,1,1,0,25,0.000976563,1353220,14461,312,-1,-1,-1,-1,-1,0.0626,0.713955
psip,1000,756979,100,100,4,4,1,1,1,0,25,0.000976563,635351,6557,343,-1,-1,-1,-1,-1,0.0225,0.676388
bsib,999,780196,100,100,4,4,1,1,1,0,25,0.001,641506,7743,349,-1,-1,-1,-1,-1,0.0588589,0.520878
psib,1000,780196,100,100,4,4,1,1,1,0,25,0.000976563,379524,5605,308,-1,-1,-1,-1,-1,0.0561,0.523765
psim,1000,780196,100,100,4,4,1,1,1,0,25,0.000976563,1338014,14867,313,-1,-1,-1,-1,-1,0.062,0.695014
psip,1000,780196,100,100,4,4,1,1,1,0,25,0.000976563,634324,9436,361,-1,-1,-1,-1,-1,0.0225,0.664341
bsib,1000,731187,100,100,4,4,1,1,1,0,25,0.001,642374,8580,343,-1,-1,-1,-1,-1,0.0556,0.525226
psib,1000,731187,100,100,4,4,1,1,1,0,25,0.000976563,379585,5569,312,-1,-1,-1,-1,-1,0.0556,0.535107
psim,1000,731187,100,100,4,4,1,1,1,0,25,0.000976563,1348580,16240,302,-1,-1,-1,-1,-1,0.062,0.712793
psip,1000,731187,100,100,4,4,1,1,1,0,25,0.000976563,634504,7597,358,-1,-1,-1,-1,-1,0.0214,0.664699
bsib,1000,843201,100,100,4,4,1,1,1,0,25,0.001,643351,7920,352,-1,-1,-1,-1,-1,0.0572,0.521195
psib,1000,843201,100,100,4,4,1,1,1,0,25,0.000976563,380460,5584,312,-1,-1,-1,-1,-1,0.056,0.530405
psim,1000,843201,100,100,4,4,1,1,1,0,25,0.000976563,1351884,15901,375,-1,-1,-1,-1,-1,0.0624,0.65898
psip,1000,843201,100,100,4,4,1,1,1,0,25,0.000976563,635562,8070,398,-1,-1,-1,-1,-1,0.0224,0.701035
bsib,1000,777599,100,100,4,4,1,1,1,0,25,0.001,642872,6886,354,-1,-1,-1,-1,-1,0.057,0.514089
psib,1000,777599,100,100,4,4,1,1,1,0,25,0.000976563,380219,5487,306,-1,-1,-1,-1,-1,0.0557,0.514734
psim,1000,777599,100,100,4,4,1,1,1,0,25,0.000976563,1358070,13973,307,-1,-1,-1,-1,-1,0.0613,0.678298
psip,1000,777599,100,100,4,4,1,1,1,0,25,0.000976563,635182,8827,357,-1,-1,-1,-1,-1,0.0225,0.67968
bsib,1000,748348,100,100,4,4,1,1,1,0,25,0.001,641218,7439,402,-1,-1,-1,-1,-1,0.0573,0.492553
psib,1000,748348,100,100,4,4,1,1,1,0,25,0.000976563,378487,5542,306,-1,-1,-1,-1,-1,0.0553,0.499272
psim,1000,748348,100,100,4,4,1,1,1,0,25,0.000976563,1338678,15046,308,-1,-1,-1,-1,-1,0.0618,0.718482
psip,999,748348,100,100,4,4,1,1,1,0,25,0.000976563,632376,7804,359,-1,-1,-1,-1,-1,0.0225225,0.667842
bsib,1000,784237,100,100,4,4,1,1,1,0,25,0.001,641757,8973,349,-1,-1,-1,-1,-1,0.0571,0.515516
psib,1000,784237,100,100,4,4,1,1,1,0,25,0.000976563,379375,5854,307,-1,-1,-1,-1,-1,0.0554,0.526465
psim,1000,784237,100,100,4,4,1,1,1,0,25,0.000976563,1344502,16124,308,-1,-1,-1,-1,-1,0.0615,0.702332
psip,1000,784237,100,100,4,4,1,1,1,0,25,0.000976563,634240,9497,357,-1,-1,-1,-1,-1,0.0231,0.674081
bsib,999,733862,100,100,4,4,1,1,1,0,25,0.001,641845,8283,343,-1,-1,-1,-1,-1,0.0572573,0.493805
psib,999,733862,100,100,4,4,1,1,1,0,25,0.000976563,379457,5547,296,-1,-1,-1,-1,-1,0.0556557,0.492045
psim,1000,733862,100,100,4,4,1,1,1,0,25,0.000976563,1353767,15225,312,-1,-1,-1,-1,-1,0.062,0.682126
psip,1000,733862,100,100,4,4,1,1,1,0,25,0.000976563,634809,8860,358,-1,-1,-1,-1,-1,0.0214,0.657338
bsib,1000,766247,100,100,4,4,1,1,1,0,25,0.001,641942,8720,343,-1,-1,-1,-1,-1,0.0579,0.524363
psib,1000,766247,100,100,4,4,1,1,1,0,25,0.000976563,379291,5522,312,-1,-1,-1,-1,-1,0.0557,0.516765
psim,1000,766247,100,100,4,4,1,1,1,0,25,0.000976563,1350655,15597,315,-1,-1,-1,-1,-1,0.0616,0.686437
psip,1000,766247,100,100,4,4,1,1,1,0,25,0.000976563,634158,8408,358,-1,-1,-1,-1,-1,0.0223,0.664213
bsib,1000,863473,100,100,4,4,1,1,1,0,25,0.001,643413,8623,343,-1,-1,-1,-1,-1,0.0572,0.516082
psib,1000,863473,100,100,4,4,1,1,1,0,25,0.000976563,380925,5555,324,-1,-1,-1,-1,-1,0.054,0.51895
psim,1000,863473,100,100,4,4,1,1,1,0,25,0.000976563,1358197,16208,312,-1,-1,-1,-1,-1,0.0604,0.68602
psip,1000,863473,100,100,4,4,1,1,1,0,25,0.000976563,635801,9117,357,-1,-1,-1,-1,-1,0.023,0.671583
bsib,1000,667100,100,100,4,4,1,1,1,0,25,0.001,643738,7476,348,-1,-1,-1,-1,-1,0.0574,0.513239
psib,1000,667100,100,100,4,4,1,1,1,0,25,0.000976563,381060,5785,310,-1,-1,-1,-1,-1,0.055,0.508956
psim,1000,667100,100,100,4,4,1,1,1,0,25,0.000976563,1354883,15529,315,-1,-1,-1,-1,-1,0.0613,0.724138
psip,1000,667100,100,100,4,4,1,1,1,0,25,0.000976563,636114,10969,360,-1,-1,-1,-1,-1,0.0225,0.65583
bsib,1000,743115,100,100,4,4,1,1,1,0,25,0.001,643292,7987,343,-1,-1,-1,-1,-1,0.0588,0.535082
psib,1000,743115,100,100,4,4,1,1,1,0,25,0.000976563,380890,5616,312,-1,-1,-1,-1,-1,0.054,0.52941
psim,1000,743115,100,100,4,4,1,1,1,0,25,0.000976563,1356273,15268,296,-1,-1,-1,-1,-1,0.062,0.70448
psip,1000,743115,100,100,4,4,1,1,1,0,25,0.000976563,635870,9219,343,-1,-1,-1,-1,-1,0.023,0.662405
bsib,1000,632331,100,100,4,4,1,1,1,0,25,0.001,643093,7628,358,-1,-1,-1,-1,-1,0.054,0.516998
psib,1000,632331,100,100,4,4,1,1,1,0,25,0.000976563,380820,5616,296,-1,-1,-1,-1,-1,0.0604,0.521065
psim,1000,632331,100,100,4,4,1,1,1,0,25,0.000976563,1350240,14102,327,-1,-1,-1,-1,-1,0.062,0.707043
psip,1000,632331,100,100,4,4,1,1,1,0,25,0.000976563,635827,9360,358,-1,-1,-1,-1,-1,0.031,0.657499
bsib,999,718530,100,100,4,4,1,1,1,0,25,0.001,642050,6940,353,-1,-1,-1,-1,-1,0.0568569,0.519351
psib,999,718530,100,100,4,4,1,1,1,0,25,0.000976563,379254,5674,313,-1,-1,-1,-1,-1,0.0554555,0.521771
psim,1000,718530,100,100,4,4,1,1,1,0,25,0.000976563,1339502,14590,308,-1,-1,-1,-1,-1,0.0614,0.646782
psip,1000,718530,100,100,4,4,1,1,1,0,25,0.000976563,634239,8526,362,-1,-1,-1,-1,-1,0.0227,0.675095
bsib,1000,758517,100,100,4,4,1,1,1,0,25,0.001,643539,8143,358,-1,-1,-1,-1,-1,0.057,0.511642
psib,1000,758517,100,100,4,4,1,1,1,0,25,0.000976563,380570,5678,312,-1,-1,-1,-1,-1,0.0553,0.512953
psim,1000,758517,100,100,4,4,1,1,1,0,25,0.000976563,1349639,14633,309,-1,-1,-1,-1,-1,0.0627,0.685705
psip,1000,758517,100,100,4,4,1,1,1,0,25,0.000976563,635366,8080,358,-1,-1,-1,-1,-1,0.0226,0.647779
bsib,1000,752785,100,100,5,5,1,1,1,0,25,0.001,643763,7176,354,-1,-1,-1,-1,-1,0.0715,0.394927
psib,1000,752785,100,100,5,5,1,1,1,0,25,0.000976563,382537,5698,308,-1,-1,-1,-1,-1,0.07,0.401793
psim,1000,752785,100,100,5,5,1,1,1,0,25,0.000976563,1409916,16315,309,-1,-1,-1,-1,-1,0.0983,0.584372
psip,1000,752785,100,100,5,5,1,1,1,0,25,0.000976563,638102,7997,357,-1,-1,-1,-1,-1,0.0279,0.575803
bsib,1000,651275,100,100,5,5,1,1,1,0,25,0.001,643921,8143,343,-1,-1,-1,-1,-1,0.0716,0.388655
psib,1000,651275,100,100,5,5,1,1,1,0,25,0.000976563,382072,5730,315,-1,-1,-1,-1,-1,0.07,0.389554
psim,1000,651275,100,100,5,5,1,1,1,0,25,0.000976563,1406002,17534,312,-1,-1,-1,-1,-1,0.0994,0.550416
psip,1000,651275,100,100,5,5,1,1,1,0,25,0.000976563,637578,8043,358,-1,-1,-1,-1,-1,0.0294,0.5897
bsib,1000,729414,100,100,5,5,1,1,1,0,25,0.001,644964,7918,352,-1,-1,-1,-1,-1,0.0718,0.363686
psib,1000,729414,100,100,5,5,1,1,1,0,25,0.000976563,383513,5815,309,-1,-1,-1,-1,-1,0.0698,0.358843
psim,1000,729414,100,100,5,5,1,1,1,0,25,0.000976563,1424882,15062,309,-1,-1,-1,-1,-1,0.099,0.475983
psip,1000,729414,100,100,5,5,1,1,1,0,25,0.000976563,639375,8753,358,-1,-1,-1,-1,-1,0.0283,0.569866
bsib,1000,817882,100,100,5,5,1,1,1,0,25,0.001,644408,7956,343,-1,-1,-1,-1,-1,0.0712,0.433041
psib,1000,817882,100,100,5,5,1,1,1,0,25,0.000976563,382554,5413,312,-1,-1,-1,-1,-1,0.0694,0.441304
psim,1000,817882,100,100,5,5,1,1,1,0,25,0.000976563,1407437,14898,311,-1,-1,-1,-1,-1,0.0987,0.500796
psip,1000,817882,100,100,5,5,1,1,1,0,25,0.000976563,638253,9406,358,-1,-1,-1,-1,-1,0.0285,0.567781
bsib,1000,669729,100,100,5,5,1,1,1,0,25,0.001,643448,7875,352,-1,-1,-1,-1,-1,0.072,0.412179
psib,1000,669729,100,100,5,5,1,1,1,0,25,0.000976563,381835,5460,312,-1,-1,-1,-1,-1,0.0701,0.420815
psim,1000,669729,100,100,5,5,1,1,1,0,25,0.000976563,1396751,14712,310,-1,-1,-1,-1,-1,0.0983,0.491692
psip,1000,669729,100,100,5,5,1,1,1,0,25,0.000976563,637131,7935,371,-1,-1,-1,-1,-1,0.0279,0.593994
bsib,999,686334,100,100,5,5,1,1,1,0,25,0.001,643691,7852,352,-1,-1,-1,-1,-1,0.0710711,0.388154
psib,1000,686334,100,100,5,5,1,1,1,0,25,0.000976563,383076,5690,308,-1,-1,-1,-1,-1,0.0691,0.391933
psim,1000,686334,100,100,5,5,1,1,1,0,25,0.000976563,1415554,15839,310,-1,-1,-1,-1,-1,0.1,0.452545
psip,999,686334,100,100,5,5,1,1,1,0,25,0.000976563,638260,7623,362,-1,-1,-1,-1,-1,0.028028,0.556152
bsib,1000,711543,100,100,5,5,1,1,1,0,25,0.001,644828,9063,343,-1,-1,-1,-1,-1,0.0732,0.420593
psib,1000,711543,100,100,5,5,1,1,1,0,25,0.000976563,383447,5616,312,-1,-1,-1,-1,-1,0.0684,0.410738
psim,1000,711543,100,100,5,5,1,1,1,0,25,0.000976563,1414191,14710,312,-1,-1,-1,-1,-1,0.0978,0.503445
psip,1000,711543,100,100,5,5,1,1,1,0,25,0.000976563,639423,7472,343,-1,-1,-1,-1,-1,0.031,0.603707
bsib,1000,715210,100,100,5,5,1,1,1,0,25,0.001,644247,9032,358,-1,-1,-1,-1,-1,0.071,0.402729
psib,1000,715210,100,100,5,5,1,1,1,0,25,0.000976563,382458,5569,296,-1,-1,-1,-1,-1,0.0687,0.38954
psim,1000,715210,100,100,5,5,1,1,1,0,25,0.000976563,1403058,14227,315,-1,-1,-1,-1,-1,0.0999,0.477771
psip,1000,715210,100,100,5,5,1,1,1,0,25,0.000976563,638139,7644,358,-1,-1,-1,-1,-1,0.0277,0.549971
bsib,999,718446,100,100,5,5,1,1,1,0,25,0.001,643053,7573,358,-1,-1,-1,-1,-1,0.0716717,0.411033
psib,1000,718446,100,100,5,5,1,1,1,0,25,0.000976563,382361,5518,308,-1,-1,-1,-1,-1,0.0668,0.405248
psim,1000,718446,100,100,5,5,1,1,1,0,25,0.000976563,1404616,13228,296,-1,-1,-1,-1,-1,0.101,0.464001
psip,1000,718446,100,100,5,5,1,1,1,0,25,0.000976563,637947,7545,356,-1,-1,-1,-1,-1,0.031,0.555878
bsib,1000,789382,100,100,5,5,1,1,1,0,25,0.001,645039,8206,355,-1,-1,-1,-1,-1,0.0803,0.411314
psib,1000,789382,100,100,5,5,1,1,1,0,25,0.000976563,383925,5382,312,-1,-1,-1,-1,-1,0.0778,0.399765
psim,1000,789382,100,100,5,5,1,1,1,0,25,0.000976563,1416599,15494,310,-1,-1,-1,-1,-1,0.1082,0.490223
psip,1000,789382,100,100,5,5,1,1,1,0,25,0.000976563,639548,8574,364,-1,-1,-1,-1,-1,0.0277,0.541653
bsib,1000,719143,100,100,5,5,1,1,1,0,25,0.001,645105,8252,358,-1,-1,-1,-1,-1,0.0716,0.434546
psib,1000,719143,100,100,5,5,1,1,1,0,25,0.000976563,384085,5553,312,-1,-1,-1,-1,-1,0.0684,0.419903
psim,1000,719143,100,100,5,5,1,1,1,0,25,0.000976563,1404391,15210,312,-1,-1,-1,-1,-1,0.0978,0.529613
psip,1000,719143,100,100,5,5,1,1,1,0,25,0.000976563,639855,7924,358,-1,-1,-1,-1,-1,0.0278,0.545074
bsib,1000,766399,100,100,5,5,1,1,1,0,25,0.001,645307,8205,343,-1,-1,-1,-1,-1,0.0718,0.403323
psib,1000,766399,100,100,5,5,1,1,1,0,25,0.000976563,384130,5865,312,-1,-1,-1,-1,-1,0.07,0.414988
psim,1000,766399,100,100,5,5,1,1,1,0,25,0.000976563,1417593,14525,311,-1,-1,-1,-1,-1,0.0982,0.467098
psip,1000,766399,100,100,5,5,1,1,1,0,25,0.000976563,640098,8377,358,-1,-1,-1,-1,-1,0.0277,0.544439
bsib,1000,780217,100,100,5,5,1,1,1,0,25,0.001,645348,7840,343,-1,-1,-1,-1,-1,0.0684,0.396289
psib,1000,780217,100,100,5,5,1,1,1,0,25,0.000976563,383518,5676,309,-1,-1,-1,-1,-1,0.0684,0.409664
psim,1000,780217,100,100,5,5,1,1,1,0,25,0.000976563,1405312,15662,312,-1,-1,-1,-1,-1,0.0994,0.581374
psip,1000,780217,100,100,5,5,1,1,1,0,25,0.000976563,639237,10004,357,-1,-1,-1,-1,-1,0.031,0.524414
bsib,1000,811136,100,100,5,5,1,1,1,0,25,0.001,645375,8183,352,-1,-1,-1,-1,-1,0.0716,0.408771
psib,1000,811136,100,100,5,5,1,1,1,0,25,0.000976563,384163,5726,310,-1,-1,-1,-1,-1,0.0686,0.406788
psim,1000,811136,100,100,5,5,1,1,1,0,25,0.000976563,1415103,14042,311,-1,-1,-1,-1,-1,0.0979,0.547283
psip,1000,811136,100,100,5,5,1,1,1,0,25,0.000976563,640022,9270,360,-1,-1,-1,-1,-1,0.0287,0.592006
bsib,999,770825,100,100,5,5,1,1,1,0,25,0.001,644196,8892,343,-1,-1,-1,-1,-1,0.0736737,0.424701
psib,999,770825,100,100,5,5,1,1,1,0,25,0.000976563,383363,5304,296,-1,-1,-1,-1,-1,0.0668669,0.42343
psim,1000,770825,100,100,5,5,1,1,1,0,25,0.000976563,1407462,14258,296,-1,-1,-1,-1,-1,0.1001,0.447265
psip,999,770825,100,100,5,5,1,1,1,0,25,0.000976563,638665,6957,358,-1,-1,-1,-1,-1,0.031031,0.562
bsib,1000,808872,100,100,6,6,1,1,1,0,25,0.001,646687,8647,349,-1,-1,-1,-1,-1,0.0845,0.330674
psib,1000,808872,100,100,6,6,1,1,1,0,25,0.000976563,386345,5518,306,-1,-1,-1,-1,-1,0.0821,0.340104
psim,1000,808872,100,100,6,6,1,1,1,0,25,0.000976563,1479256,14199,308,-1,-1,-1,-1,-1,0.1431,0.261307
psip,1000,808872,100,100,6,6,1,1,1,0,25,0.000976563,642966,9727,356,-1,-1,-1,-1,-1,0.0341,0.495286
bsib,1000,666895,100,100,6,6,1,1,1,0,25,0.001,646099,9512,343,-1,-1,-1,-1,-1,0.0855,0.275549
psib,1000,666895,100,100,6,6,1,1,1,0,25,0.000976563,385979,5642,319,-1,-1,-1,-1,-1,0.0834,0.287179
psim,1000,666895,100,100,6,6,1,1,1,0,25,0.000976563,1457749,16988,312,-1,-1,-1,-1,-1,0.1444,0.289685
psip,1000,666895,100,100,6,6,1,1,1,0,25,0.000976563,642665,8385,353,-1,-1,-1,-1,-1,0.0332,0.496739
bsib,1000,778764,100,100,6,6,1,1,1,0,25,0.001,645102,7934,348,-1,-1,-1,-1,-1,0.0856,0.298774
psib,1000,778764,100,100,6,6,1,1,1,0,25,0.000976563,385065,5544,307,-1,-1,-1,-1,-1,0.0833,0.30465
psim,1000,778764,100,100,6,6,1,1,1,0,25,0.000976563,1455005,15736,309,-1,-1,-1,-1,-1,0.1438,0.30721
psip,1000,778764,100,100,6,6,1,1,1,0,25,0.000976563,641352,8443,361,-1,-1,-1,-1,-1,0.0332,0.499246
bsib,1000,758487,100,100,6,6,1,1,1,0,25,0.001,646109,8469,349,-1,-1,-1,-1,-1,0.0851,0.302561
psib,999,758487,100,100,6,6,1,1,1,0,25,0.000976563,385423,5304,312,-1,-1,-1,-1,-1,0.0824825,0.282208
psim,1000,758487,100,100,6,6,1,1,1,0,25,0.000976563,1477343,15187,309,-1,-1,-1,-1,-1,0.1438,0.378475
psip,1000,758487,100,100,6,6,1,1,1,0,25,0.000976563,642360,7831,365,-1,-1,-1,-1,-1,0.033,0.52176
bsib,1000,729031,100,100,6,6,1,1,1,0,25,0.001,646284,8025,351,-1,-1,-1,-1,-1,0.084,0.372359
psib,1000,729031,100,100,6,6,1,1,1,0,25,0.000976563,386267,5928,320,-1,-1,-1,-1,-1,0.087,0.357483
psim,1000,729031,100,100,6,6,1,1,1,0,25,0.000976563,1473465,15018,312,-1,-1,-1,-1,-1,0.1448,0.257423
psip,1000,729031,100,100,6,6,1,1,1,0,25,0.000976563,642926,8197,359,-1,-1,-1,-1,-1,0.034,0.555359
bsib,1000,737024,100,100,6,6,1,1,1,0,25,0.001,646714,7281,373,-1,-1,-1,-1,-1,0.0851,0.338217
psib,999,737024,100,100,6,6,1,1,1,0,25,0.000976563,385964,6593,307,-1,-1,-1,-1,-1,0.0831832,0.363204
psim,1000,737024,100,100,6,6,1,1,1,0,25,0.000976563,1482242,15882,307,-1,-1,-1,-1,-1,0.1445,0.240849
psip,1000,737024,100,100,6,6,1,1,1,0,25,0.000976563,642993,8181,359,-1,-1,-1,-1,-1,0.0329,0.437401
bsib,1000,679597,100,100,6,6,1,1,1,0,25,0.001,645338,7550,358,-1,-1,-1,-1,-1,0.087,0.312639
psib,1000,679597,100,100,6,6,1,1,1,0,25,0.000976563,385694,5569,312,-1,-1,-1,-1,-1,0.084,0.324088
psim,1000,679597,100,100,6,6,1,1,1,0,25,0.000976563,1466368,14701,312,-1,-1,-1,-1,-1,0.1432,0.265214
psip,1000,679597,100,100,6,6,1,1,1,0,25,0.000976563,642196,10108,358,-1,-1,-1,-1,-1,0.0325,0.495485
bsib,1000,725568,100,100,6,6,1,1,1,0,25,0.001,646371,7317,352,-1,-1,-1,-1,-1,0.0855,0.324406
psib,1000,725568,100,100,6,6,1,1,1,0,25,0.000976563,386367,5619,310,-1,-1,-1,-1,-1,0.0828,0.323236
psim,1000,725568,100,100,6,6,1,1,1,0,25,0.000976563,1474046,16274,307,-1,-1,-1,-1,-1,0.1451,0.204287
psip,1000,725568,100,100,6,6,1,1,1,0,25,0.000976563,643056,8201,358,-1,-1,-1,-1,-1,0.0331,0.508119
bsib,1000,679511,100,100,6,6,1,1,1,0,25,0.001,646074,7929,369,-1,-1,-1,-1,-1,0.0851,0.319482
psib,1000,679511,100,100,6,6,1,1,1,0,25,0.000976563,385796,5535,312,-1,-1,-1,-1,-1,0.083,0.320975
psim,1000,679511,100,100,6,6,1,1,1,0,25,0.000976563,1469521,15012,325,-1,-1,-1,-1,-1,0.1443,0.317261
psip,1000,679511,100,100,6,6,1,1,1,0,25,0.000976563,642390,8097,359,-1,-1,-1,-1,-1,0.034,0.500226
bsib,999,815707,100,100,6,6,1,1,1,0,25,0.001,646491,9085,350,-1,-1,-1,-1,-1,0.0845846,0.276774
psib,999,815707,100,100,6,6,1,1,1,0,25,0.000976563,386927,5657,317,-1,-1,-1,-1,-1,0.0820821,0.273259
psim,1000,815707,100,100,6,6,1,1,1,0,25,0.000976563,1486187,15327,310,-1,-1,-1,-1,-1,0.1448,0.311967
psip,1000,815707,100,100,6,6,1,1,1,0,25,0.000976563,643917,9400,365,-1,-1,-1,-1,-1,0.0339,0.458089
bsib,1000,766429,100,100,6,6,1,1,1,0,25,0.001,646889,7378,343,-1,-1,-1,-1,-1,0.0885,0.372916
psib,1000,766429,100,100,6,6,1,1,1,0,25,0.000976563,387029,5709,312,-1,-1,-1,-1,-1,0.081,0.36942
psim,1000,766429,100,100,6,6,1,1,1,0,25,0.000976563,1475644,15038,312,-1,-1,-1,-1,-1,0.1432,0.152337
psip,1000,766429,100,100,6,6,1,1,1,0,25,0.000976563,643737,8548,358,-1,-1,-1,-1,-1,0.0355,0.506621
bsib,1000,707965,100,100,6,6,1,1,1,0,25,0.001,646933,9999,343,-1,-1,-1,-1,-1,0.0853,0.287818
psib,999,707965,100,100,6,6,1,1,1,0,25,0.000976563,386440,5210,312,-1,-1,-1,-1,-1,0.0830831,0.297844
psim,1000,707965,100,100,6,6,1,1,1,0,25,0.000976563,1466851,14951,306,-1,-1,-1,-1,-1,0.1437,0.27266
psip,1000,707965,100,100,6,6,1,1,1,0,25,0.000976563,643453,8564,358,-1,-1,-1,-1,-1,0.033,0.476961
bsib,1000,755335,100,100,6,6,1,1,1,0,25,0.001,646906,8517,343,-1,-1,-1,-1,-1,0.0795,0.330517
psib,1000,755335,100,100,6,6,1,1,1,0,25,0.000976563,386836,5618,309,-1,-1,-1,-1,-1,0.0825,0.326623
psim,1000,755335,100,100,6,6,1,1,1,0,25,0.000976563,1473756,15210,312,-1,-1,-1,-1,-1,0.156,0.250578
psip,1000,755335,100,100,6,6,1,1,1,0,25,0.000976563,643575,9424,358,-1,-1,-1,-1,-1,0.031,0.496484
bsib,1000,689363,100,100,6,6,1,1,1,0,25,0.001,647548,9082,349,-1,-1,-1,-1,-1,0.0847,0.2755
psib,1000,689363,100,100,6,6,1,1,1,0,25,0.000976563,387601,5421,315,-1,-1,-1,-1,-1,0.0819,0.322067
psim,1000,689363,100,100,6,6,1,1,1,0,25,0.000976563,1487989,14646,311,-1,-1,-1,-1,-1,0.1452,0.269753
psip,1000,689363,100,100,6,6,1,1,1,0,25,0.000976563,644294,8402,359,-1,-1,-1,-1,-1,0.0341,0.506884
bsib,1000,737458,100,100,6,6,1,1,1,0,25,0.001,647262,7737,358,-1,-1,-1,-1,-1,0.0852,0.326589
psib,1000,737458,100,100,6,6,1,1,1,0,25,0.000976563,386779,5943,296,-1,-1,-1,-1,-1,0.0822,0.331225
psim,1000,737458,100,100,6,6,1,1,1,0,25,0.000976563,1458127,15636,308,-1,-1,-1,-1,-1,0.1457,0.247479
psip,1000,737458,100,100,6,6,1,1,1,0,25,0.000976563,643368,6879,358,-1,-1,-1,-1,-1,0.0331,0.456836
bsib,999,797581,100,100,7,7,1,1,1,0,25,0.001,647321,8530,351,-1,-1,-1,-1,-1,0.0994995,0.148123
psib,999,797581,100,100,7,7,1,1,1,0,25,0.000976563,388037,5565,313,-1,-1,-1,-1,-1,0.0994995,0.129928
psim,1000,797581,100,100,7,7,1,1,1,0,25,0.000976563,1533498,14808,296,-1,-1,-1,-1,-1,0.19,0.347771
psip,1000,797581,100,100,7,7,1,1,1,0,25,0.000976563,645560,7426,359,-1,-1,-1,-1,-1,0.0415,0.240049
bsib,1000,683095,100,100,7,7,1,1,1,0,25,0.001,647519,8219,351,-1,-1,-1,-1,-1,0.0985,0.222313
psib,1000,683095,100,100,7,7,1,1,1,0,25,0.000976563,387905,5350,312,-1,-1,-1,-1,-1,0.0961,0.218694
psim,1000,683095,100,100,7,7,1,1,1,0,25,0.000976563,1518302,15419,310,-1,-1,-1,-1,-1,0.1983,0.117814
psip,1000,683095,100,100,7,7,1,1,1,0,25,0.000976563,645067,7679,359,-1,-1,-1,-1,-1,0.0392,0.41535
bsib,1000,769713,100,100,7,7,1,1,1,0,25,0.001,648454,7853,352,-1,-1,-1,-1,-1,0.0999,0.234492
psib,999,769713,100,100,7,7,1,1,1,0,25,0.000976563,389070,5682,311,-1,-1,-1,-1,-1,0.096997,0.19634
psim,1000,769713,100,100,7,7,1,1,1,0,25,0.000976563,1538044,16643,311,-1,-1,-1,-1,-1,0.1978,0.133488
psip,1000,769713,100,100,7,7,1,1,1,0,25,0.000976563,646957,9410,361,-1,-1,-1,-1,-1,0.0386,0.459687
bsib,1000,756659,100,100,7,7,1,1,1,0,25,0.001,647948,8782,358,-1,-1,-1,-1,-1,0.0993,0.336177
psib,1000,756659,100,100,7,7,1,1,1,0,25,0.000976563,388774,5428,312,-1,-1,-1,-1,-1,0.0967,0.320569
psim,1000,756659,100,100,7,7,1,1,1,0,25,0.000976563,1533313,15246,310,-1,-1,-1,-1,-1,0.1969,0.0613952
psip,1000,756659,100,100,7,7,1,1,1,0,25,0.000976563,646085,8439,358,-1,-1,-1,-1,-1,0.041,0.400878
bsib,1000,709607,100,100,7,7,1,1,1,0,25,0.001,647764,7223,358,-1,-1,-1,-1,-1,0.0978,0.236888
psib,1000,709607,100,100,7,7,1,1,1,0,25,0.000976563,388406,5515,322,-1,-1,-1,-1,-1,0.0962,0.238395
psim,1000,709607,100,100,7,7,1,1,1,0,25,0.000976563,1534879,16333,312,-1,-1,-1,-1,-1,0.196,0.232659
psip,1000,709607,100,100,7,7,1,1,1,0,25,0.000976563,645746,8413,359,-1,-1,-1,-1,-1,0.0355,0.380777
bsib,1000,789270,100,100,7,7,1,1,1,0,25,0.001,648273,8970,354,-1,-1,-1,-1,-1,0.0998,0.298417
psib,1000,789270,100,100,7,7,1,1,1,0,25,0.000976563,388902,5517,311,-1,-1,-1,-1,-1,0.0968,0.296348
psim,1000,789270,100,100,7,7,1,1,1,0,25,0.000976563,1539251,15417,310,-1,-1,-1,-1,-1,0.1963,0.14907
psip,999,789270,100,100,7,7,1,1,1,0,25,0.000976563,645722,7687,358,-1,-1,-1,-1,-1,0.0384384,0.341777
bsib,1000,711512,100,100,7,7,1,1,1,0,25,0.001,647542,7633,353,-1,-1,-1,-1,-1,0.0994,0.274718
psib,1000,711512,100,100,7,7,1,1,1,0,25,0.000976563,387947,5696,313,-1,-1,-1,-1,-1,0.0942,0.279751
psim,1000,711512,100,100,7,7,1,1,1,0,25,0.000976563,1521310,14818,308,-1,-1,-1,-1,-1,0.1975,0
psip,1000,711512,100,100,7,7,1,1,1,0,25,0.000976563,645019,8136,361,-1,-1,-1,-1,-1,0.0325,0.356983
bsib,1000,756061,100,100,7,7,1,1,1,0,25,0.001,647873,8736,358,-1,-1,-1,-1,-1,0.1061,0.254187
psib,1000,756061,100,100,7,7,1,1,1,0,25,0.000976563,388587,5662,312,-1,-1,-1,-1,-1,0.1026,0.295089
psim,1000,756061,100,100,7,7,1,1,1,0,25,0.000976563,1528277,15941,310,-1,-1,-1,-1,-1,0.2145,0.0342129
psip,1000,756061,100,100,7,7,1,1,1,0,25,0.000976563,645782,9859,358,-1,-1,-1,-1,-1,0.0385,0.398241
bsib,1000,742428,100,100,7,7,1,1,1,0,25,0.001,647512,9172,343,-1,-1,-1,-1,-1,0.101,0.235507
psib,1000,742428,100,100,7,7,1,1,1,0,25,0.000976563,388261,5693,309,-1,-1,-1,-1,-1,0.0978,0.209146
psim,1000,742428,100,100,7,7,1,1,1,0,25,0.000976563,1530752,14570,312,-1,-1,-1,-1,-1,0.199,0.226554
psip,1000,742428,100,100,7,7,1,1,1,0,25,0.000976563,645454,8697,358,-1,-1,-1,-1,-1,0.0385,0.4315
bsib,1000,747321,100,100,7,7,1,1,1,0,25,0.001,648286,7356,350,-1,-1,-1,-1,-1,0.0992,0.228811
psib,1000,747321,100,100,7,7,1,1,1,0,25,0.000976563,388760,5641,306,-1,-1,-1,-1,-1,0.0961,0.215198
psim,1000,747321,100,100,7,7,1,1,1,0,25,0.000976563,1525467,15255,310,-1,-1,-1,-1,-1,0.1969,0.208168
psip,999,747321,100,100,7,7,1,1,1,0,25,0.000976563,645176,7778,356,-1,-1,-1,-1,-1,0.0382382,0.441596
bsib,1000,741823,100,100,7,7,1,1,1,0,25,0.001,648643,7966,347,-1,-1,-1,-1,-1,0.0992,0.325426
psib,1000,741823,100,100,7,7,1,1,1,0,25,0.000976563,389726,5779,318,-1,-1,-1,-1,-1,0.0956,0.324299
psim,1000,741823,100,100,7,7,1,1,1,0,25,0.000976563,1529531,15752,308,-1,-1,-1,-1,-1,0.1974,0.0916793
psip,1000,741823,100,100,7,7,1,1,1,0,25,0.000976563,646927,8344,359,-1,-1,-1,-1,-1,0.0389,0.361631
bsib,1000,785270,100,100,7,7,1,1,1,0,25,0.001,648306,8126,343,-1,-1,-1,-1,-1,0.101,0.199251
psib,1000,785270,100,100,7,7,1,1,1,0,25,0.000976563,388382,5622,307,-1,-1,-1,-1,-1,0.0994,0.187597
psim,1000,785270,100,100,7,7,1,1,1,0,25,0.000976563,1523761,14976,296,-1,-1,-1,-1,-1,0.193,0.239062
psip,1000,785270,100,100,7,7,1,1,1,0,25,0.000976563,645378,9150,360,-1,-1,-1,-1,-1,0.031,0.372222
bsib,1000,719512,100,100,7,7,1,1,1,0,25,0.001,649817,8348,374,-1,-1,-1,-1,-1,0.0989,0.345299
psib,1000,719512,100,100,7,7,1,1,1,0,25,0.000976563,390473,5442,309,-1,-1,-1,-1,-1,0.0965,0.341642
psim,1000,719512,100,100,7,7,1,1,1,0,25,0.000976563,1536878,15522,331,-1,-1,-1,-1,-1,0.1966,0.0117021
psip,1000,719512,100,100,7,7,1,1,1,0,25,0.000976563,647887,9634,361,-1,-1,-1,-1,-1,0.0391,0.455689
bsib,1000,766158,100,100,7,7,1,1,1,0,25,0.001,649441,8704,343,-1,-1,-1,-1,-1,0.0986,0.110791
psib,1000,766158,100,100,7,7,1,1,1,0,25,0.000976563,390063,5647,312,-1,-1,-1,-1,-1,0.0955,0.148303
psim,1000,766158,100,100,7,7,1,1,1,0,25,0.000976563,1542908,16066,306,-1,-1,-1,-1,-1,0.1962,0.0703453
psip,1000,766158,100,100,7,7,1,1,1,0,25,0.000976563,647340,8080,358,-1,-1,-1,-1,-1,0.039,0.344898
bsib,1000,683242,100,100,7,7,1,1,1,0,25,0.001,649914,7339,350,-1,-1,-1,-1,-1,0.0962,0.153378
psib,1000,683242,100,100,7,7,1,1,1,0,25,0.000976563,390704,5727,308,-1,-1,-1,-1,-1,0.101,0.177419
psim,1000,683242,100,100,7,7,1,1,1,0,25,0.000976563,1554311,16130,312,-1,-1,-1,-1,-1,0.1975,0.43877
psip,1000,683242,100,100,7,7,1,1,1,0,25,0.000976563,648401,8923,359,-1,-1,-1,-1,-1,0.04,0.240177
bsib,1000,774279,100,100,8,8,1,1,1,0,25,0.001,648959,7455,350,-1,-1,-1,-1,-1,0.121,0.0885003
psib,999,774279,100,100,8,8,1,1,1,0,25,0.000976563,390322,5725,296,-1,-1,-1,-1,-1,0.117217,0.0355556
psim,1000,774279,100,100,8,8,1,1,1,0,25,0.000976563,1590779,15990,308,-1,-1,-1,-1,-1,0.2842,0
psip,1000,774279,100,100,8,8,1,1,1,0,25,0.000976563,648337,7938,356,-1,-1,-1,-1,-1,0.0438,0.642019
bsib,1000,794721,100,100,8,8,1,1,1,0,25,0.001,649172,7566,390,-1,-1,-1,-1,-1,0.112,0.130057
psib,1000,794721,100,100,8,8,1,1,1,0,25,0.000976563,390681,5834,312,-1,-1,-1,-1,-1,0.1105,0.0914021
psim,1000,794721,100,100,8,8,1,1,1,0,25,0.000976563,1567895,15303,312,-1,-1,-1,-1,-1,0.2602,0
psip,1000,794721,100,100,8,8,1,1,1,0,25,0.000976563,648558,7768,358,-1,-1,-1,-1,-1,0.0445,0.413051
bsib,1000,818374,100,100,8,8,1,1,1,0,25,0.001,649751,8361,358,-1,-1,-1,-1,-1,0.113,0.252136
psib,1000,818374,100,100,8,8,1,1,1,0,25,0.000976563,391722,5756,312,-1,-1,-1,-1,-1,0.116,0.241637
psim,1000,818374,100,100,8,8,1,1,1,0,25,0.000976563,1605264,17307,306,-1,-1,-1,-1,-1,0.2572,0.214732
psip,999,818374,100,100,8,8,1,1,1,0,25,0.000976563,649289,8626,358,-1,-1,-1,-1,-1,0.0443443,0.507359
bsib,1000,797285,100,100,8,8,1,1,1,0,25,0.001,649625,7410,358,-1,-1,-1,-1,-1,0.112,0.106873
psib,1000,797285,100,100,8,8,1,1,1,0,25,0.000976563,391055,5780,320,-1,-1,-1,-1,-1,0.109,0.159817
psim,1000,797285,100,100,8,8,1,1,1,0,25,0.000976563,1588679,15459,312,-1,-1,-1,-1,-1,0.2602,0.0645635
psip,1000,797285,100,100,8,8,1,1,1,0,25,0.000976563,648977,9338,358,-1,-1,-1,-1,-1,0.043,0.299315
bsib,1000,805041,100,100,8,8,1,1,1,0,25,0.001,649300,7700,364,-1,-1,-1,-1,-1,0.1118,0.114185
psib,1000,805041,100,100,8,8,1,1,1,0,25,0.000976563,390822,5465,310,-1,-1,-1,-1,-1,0.1091,0.0678666
psim,1000,805041,100,100,8,8,1,1,1,0,25,0.000976563,1589346,16536,306,-1,-1,-1,-1,-1,0.257,0.435034
psip,999,805041,100,100,8,8,1,1,1,0,25,0.000976563,648098,9499,358,-1,-1,-1,-1,-1,0.0443443,0.30034
bsib,1000,703141,100,100,8,8,1,1,1,0,25,0.001,649477,8065,343,-1,-1,-1,-1,-1,0.1134,0.314929
psib,1000,703141,100,100,8,8,1,1,1,0,25,0.000976563,390639,5709,312,-1,-1,-1,-1,-1,0.1096,0.280346
psim,1000,703141,100,100,8,8,1,1,1,0,25,0.000976563,1591544,13495,309,-1,-1,-1,-1,-1,0.258,0.0669585
psip,1000,703141,100,100,8,8,1,1,1,0,25,0.000976563,648551,9235,358,-1,-1,-1,-1,-1,0.0454,0.33814
bsib,999,762387,100,100,8,8,1,1,1,0,25,0.001,648455,8354,360,-1,-1,-1,-1,-1,0.113714,0.181363
psib,1000,762387,100,100,8,8,1,1,1,0,25,0.000976563,390326,5490,308,-1,-1,-1,-1,-1,0.1104,0.150938
psim,1000,762387,100,100,8,8,1,1,1,0,25,0.000976563,1585403,15304,308,-1,-1,-1,-1,-1,0.2598,0.0543155
psip,1000,762387,100,100,8,8,1,1,1,0,25,0.000976563,648062,9792,355,-1,-1,-1,-1,-1,0.0443,0.279174
bsib,1000,729973,100,100,8,8,1,1,1,0,25,0.001,650155,8190,343,-1,-1,-1,-1,-1,0.1132,0.242362
psib,1000,729973,100,100,8,8,1,1,1,0,25,0.000976563,392171,5685,312,-1,-1,-1,-1,-1,0.1108,0.22027
psim,1000,729973,100,100,8,8,1,1,1,0,25,0.000976563,1618622,16021,296,-1,-1,-1,-1,-1,0.2588,0
psip,1000,729973,100,100,8,8,1,1,1,0,25,0.000976563,650578,7846,358,-1,-1,-1,-1,-1,0.0436,0.543537
bsib,1000,765410,100,100,8,8,1,1,1,0,25,0.001,650216,8102,374,-1,-1,-1,-1,-1,0.1134,0.138553
psib,1000,765410,100,100,8,8,1,1,1,0,25,0.000976563,391263,5765,307,-1,-1,-1,-1,-1,0.1098,0.137909
psim,1000,765410,100,100,8,8,1,1,1,0,25,0.000976563,1600298,15138,337,-1,-1,-1,-1,-1,0.2574,0
psip,1000,765410,100,100,8,8,1,1,1,0,25,0.000976563,649299,8580,356,-1,-1,-1,-1,-1,0.044,0
bsib,1000,784735,100,100,8,8,1,1,1,0,25,0.001,650352,9395,358,-1,-1,-1,-1,-1,0.1118,0.215984
psib,1000,784735,100,100,8,8,1,1,1,0,25,0.000976563,392019,5613,312,-1,-1,-1,-1,-1,0.1098,0.189813
psim,1000,784735,100,100,8,8,1,1,1,0,25,0.000976563,1592460,15393,317,-1,-1,-1,-1,-1,0.2578,0.0478872
psip,1000,784735,100,100,8,8,1,1,1,0,25,0.000976563,649986,7463,361,-1,-1,-1,-1,-1,0.0435,0.420747
bsib,1000,666336,100,100,8,8,1,1,1,0,25,0.001,650821,9235,358,-1,-1,-1,-1,-1,0.1105,0.133529
psib,999,666336,100,100,8,8,1,1,1,0,25,0.000976563,392269,5505,311,-1,-1,-1,-1,-1,0.109109,0.185013
psim,1000,666336,100,100,8,8,1,1,1,0,25,0.000976563,1606385,15116,312,-1,-1,-1,-1,-1,0.2554,0
psip,1000,666336,100,100,8,8,1,1,1,0,25,0.000976563,650861,8174,358,-1,-1,-1,-1,-1,0.0445,0.441073
bsib,1000,710682,100,100,8,8,1,1,1,0,25,0.001,650909,8101,356,-1,-1,-1,-1,-1,0.1115,0.15402
psib,1000,710682,100,100,8,8,1,1,1,0,25,0.000976563,392336,5491,312,-1,-1,-1,-1,-1,0.1094,0.164189
psim,1000,710682,100,100,8,8,1,1,1,0,25,0.000976563,1612672,15982,309,-1,-1,-1,-1,-1,0.2577,0
psip,1000,710682,100,100,8,8,1,1,1,0,25,0.000976563,650352,8372,363,-1,-1,-1,-1,-1,0.0438,0.27664
bsib,1000,736148,100,100,8,8,1,1,1,0,25,0.001,650938,8580,358,-1,-1,-1,-1,-1,0.1131,0.125919
psib,1000,736148,100,100,8,8,1,1,1,0,25,0.000976563,392628,5163,312,-1,-1,-1,-1,-1,0.1097,0.112667
psim,1000,736148,100,100,8,8,1,1,1,0,25,0.000976563,1614781,18075,309,-1,-1,-1,-1,-1,0.2573,0
psip,999,736148,100,100,8,8,1,1,1,0,25,0.000976563,649952,8283,358,-1,-1,-1,-1,-1,0.0443443,0
bsib,1000,709040,100,100,8,8,1,1,1,0,25,0.001,651363,7819,358,-1,-1,-1,-1,-1,0.112,0.0502649
psib,1000,709040,100,100,8,8,1,1,1,0,25,0.000976563,392782,5676,311,-1,-1,-1,-1,-1,0.1074,0.0661549
psim,1000,709040,100,100,8,8,1,1,1,0,25,0.000976563,1605330,15522,312,-1,-1,-1,-1,-1,0.257,0.520833
psip,1000,709040,100,100,8,8,1,1,1,0,25,0.000976563,651082,8244,364,-1,-1,-1,-1,-1,0.0445,0.32619
bsib,1000,778159,100,100,8,8,1,1,1,0,25,0.001,650055,7839,352,-1,-1,-1,-1,-1,0.1122,0.0569356
psib,999,778159,100,100,8,8,1,1,1,0,25,0.000976563,391648,5629,310,-1,-1,-1,-1,-1,0.108609,0.0597575
psim,1000,778159,100,100,8,8,1,1,1,0,25,0.000976563,1595615,16199,308,-1,-1,-1,-1,-1,0.2583,0
psip,1000,778159,100,100,8,8,1,1,1,0,25,0.000976563,649955,9239,358,-1,-1,-1,-1,-1,0.0431,0
